Segment,Country, Product , Discount Band , Units Sold , Manufacturing Price , Sale Price , Gross Sales , Discounts ,  Sales , COGS , Profit ,Date,Month Number, Month Name ,Year
Government,Canada, Carretera , None ,1618.5,3.0,20.0,32370.0, $-   ,32370.0,16185.0,16185.0,01/01/2014,1, January ,2014
Government,Germany, Carretera , None ,1321.0,3.0,20.0,26420.0, $-   ,26420.0,13210.0,13210.0,01/01/2014,1, January ,2014
Midmarket,France, Carretera , None ,2178.0,3.0,15.0,32670.0, $-   ,32670.0,21780.0,10890.0,01/06/2014,6, June ,2014
Midmarket,Germany, Carretera , None ,888.0,3.0,15.0,13320.0, $-   ,13320.0,8880.0,4440.0,01/06/2014,6, June ,2014
Midmarket,Mexico, Carretera , None ,2470.0,3.0,15.0,37050.0, $-   ,37050.0,24700.0,12350.0,01/06/2014,6, June ,2014
Government,Germany, Carretera , None ,1513.0,3.0,350.0,529550.0, $-   ,529550.0,393380.0,136170.0,01/12/2014,12, December ,2014
Midmarket,Germany, Montana , None ,921.0,5.0,15.0,13815.0, $-   ,13815.0,9210.0,4605.0,01/03/2014,3, March ,2014
Channel Partners,Canada, Montana , None ,2518.0,5.0,12.0,30216.0, $-   ,30216.0,7554.0,22662.0,01/06/2014,6, June ,2014
Government,France, Montana , None ,1899.0,5.0,20.0,37980.0, $-   ,37980.0,18990.0,18990.0,01/06/2014,6, June ,2014
Channel Partners,Germany, Montana , None ,1545.0,5.0,12.0,18540.0, $-   ,18540.0,4635.0,13905.0,01/06/2014,6, June ,2014
Midmarket,Mexico, Montana , None ,2470.0,5.0,15.0,37050.0, $-   ,37050.0,24700.0,12350.0,01/06/2014,6, June ,2014
Enterprise,Canada, Montana , None ,2665.5,5.0,125.0,333187.5, $-   ,333187.5,319860.0,13327.5,01/07/2014,7, July ,2014
Small Business,Mexico, Montana , None ,958.0,5.0,300.0,287400.0, $-   ,287400.0,239500.0,47900.0,01/08/2014,8, August ,2014
Government,Germany, Montana , None ,2146.0,5.0,7.0,15022.0, $-   ,15022.0,10730.0,4292.0,01/09/2014,9, September ,2014
Enterprise,Canada, Montana , None ,345.0,5.0,125.0,43125.0, $-   ,43125.0,41400.0,1725.0,01/10/2013,10, October ,2013
Midmarket,United States of America, Montana , None ,615.0,5.0,15.0,9225.0, $-   ,9225.0,6150.0,3075.0,01/12/2014,12, December ,2014
Government,Canada, Paseo , None ,292.0,10.0,20.0,5840.0, $-   ,5840.0,2920.0,2920.0,01/02/2014,2, February ,2014
Midmarket,Mexico, Paseo , None ,974.0,10.0,15.0,14610.0, $-   ,14610.0,9740.0,4870.0,01/02/2014,2, February ,2014
Channel Partners,Canada, Paseo , None ,2518.0,10.0,12.0,30216.0, $-   ,30216.0,7554.0,22662.0,01/06/2014,6, June ,2014
Government,Germany, Paseo , None ,1006.0,10.0,350.0,352100.0, $-   ,352100.0,261560.0,90540.0,01/06/2014,6, June ,2014
Channel Partners,Germany, Paseo , None ,367.0,10.0,12.0,4404.0, $-   ,4404.0,1101.0,3303.0,01/07/2014,7, July ,2014
Government,Mexico, Paseo , None ,883.0,10.0,7.0,6181.0, $-   ,6181.0,4415.0,1766.0,01/08/2014,8, August ,2014
Midmarket,France, Paseo , None ,549.0,10.0,15.0,8235.0, $-   ,8235.0,5490.0,2745.0,01/09/2013,9, September ,2013
Small Business,Mexico, Paseo , None ,788.0,10.0,300.0,236400.0, $-   ,236400.0,197000.0,39400.0,01/09/2013,9, September ,2013
Midmarket,Mexico, Paseo , None ,2472.0,10.0,15.0,37080.0, $-   ,37080.0,24720.0,12360.0,01/09/2014,9, September ,2014
Government,United States of America, Paseo , None ,1143.0,10.0,7.0,8001.0, $-   ,8001.0,5715.0,2286.0,01/10/2014,10, October ,2014
Government,Canada, Paseo , None ,1725.0,10.0,350.0,603750.0, $-   ,603750.0,448500.0,155250.0,01/11/2013,11, November ,2013
Channel Partners,United States of America, Paseo , None ,912.0,10.0,12.0,10944.0, $-   ,10944.0,2736.0,8208.0,01/11/2013,11, November ,2013
Midmarket,Canada, Paseo , None ,2152.0,10.0,15.0,32280.0, $-   ,32280.0,21520.0,10760.0,01/12/2013,12, December ,2013
Government,Canada, Paseo , None ,1817.0,10.0,20.0,36340.0, $-   ,36340.0,18170.0,18170.0,01/12/2014,12, December ,2014
Government,Germany, Paseo , None ,1513.0,10.0,350.0,529550.0, $-   ,529550.0,393380.0,136170.0,01/12/2014,12, December ,2014
Government,Mexico, Velo , None ,1493.0,120.0,7.0,10451.0, $-   ,10451.0,7465.0,2986.0,01/01/2014,1, January ,2014
Enterprise,France, Velo , None ,1804.0,120.0,125.0,225500.0, $-   ,225500.0,216480.0,9020.0,01/02/2014,2, February ,2014
Channel Partners,Germany, Velo , None ,2161.0,120.0,12.0,25932.0, $-   ,25932.0,6483.0,19449.0,01/03/2014,3, March ,2014
Government,Germany, Velo , None ,1006.0,120.0,350.0,352100.0, $-   ,352100.0,261560.0,90540.0,01/06/2014,6, June ,2014
Channel Partners,Germany, Velo , None ,1545.0,120.0,12.0,18540.0, $-   ,18540.0,4635.0,13905.0,01/06/2014,6, June ,2014
Enterprise,United States of America, Velo , None ,2821.0,120.0,125.0,352625.0, $-   ,352625.0,338520.0,14105.0,01/08/2014,8, August ,2014
Enterprise,Canada, Velo , None ,345.0,120.0,125.0,43125.0, $-   ,43125.0,41400.0,1725.0,01/10/2013,10, October ,2013
Small Business,Canada, VTT , None ,2001.0,250.0,300.0,600300.0, $-   ,600300.0,500250.0,100050.0,01/02/2014,2, February ,2014
Channel Partners,Germany, VTT , None ,2838.0,250.0,12.0,34056.0, $-   ,34056.0,8514.0,25542.0,01/04/2014,4, April ,2014
Midmarket,France, VTT , None ,2178.0,250.0,15.0,32670.0, $-   ,32670.0,21780.0,10890.0,01/06/2014,6, June ,2014
Midmarket,Germany, VTT , None ,888.0,250.0,15.0,13320.0, $-   ,13320.0,8880.0,4440.0,01/06/2014,6, June ,2014
Government,France, VTT , None ,1527.0,250.0,350.0,534450.0, $-   ,534450.0,397020.0,137430.0,01/09/2013,9, September ,2013
Small Business,France, VTT , None ,2151.0,250.0,300.0,645300.0, $-   ,645300.0,537750.0,107550.0,01/09/2014,9, September ,2014
Government,Canada, VTT , None ,1817.0,250.0,20.0,36340.0, $-   ,36340.0,18170.0,18170.0,01/12/2014,12, December ,2014
Government,France, Amarilla , None ,2750.0,260.0,350.0,962500.0, $-   ,962500.0,715000.0,247500.0,01/02/2014,2, February ,2014
Channel Partners,United States of America, Amarilla , None ,1953.0,260.0,12.0,23436.0, $-   ,23436.0,5859.0,17577.0,01/04/2014,4, April ,2014
Enterprise,Germany, Amarilla , None ,4219.5,260.0,125.0,527437.5, $-   ,527437.5,506340.0,21097.5,01/04/2014,4, April ,2014
Government,France, Amarilla , None ,1899.0,260.0,20.0,37980.0, $-   ,37980.0,18990.0,18990.0,01/06/2014,6, June ,2014
Government,Germany, Amarilla , None ,1686.0,260.0,7.0,11802.0, $-   ,11802.0,8430.0,3372.0,01/07/2014,7, July ,2014
Channel Partners,United States of America, Amarilla , None ,2141.0,260.0,12.0,25692.0, $-   ,25692.0,6423.0,19269.0,01/08/2014,8, August ,2014
Government,United States of America, Amarilla , None ,1143.0,260.0,7.0,8001.0, $-   ,8001.0,5715.0,2286.0,01/10/2014,10, October ,2014
Midmarket,United States of America, Amarilla , None ,615.0,260.0,15.0,9225.0, $-   ,9225.0,6150.0,3075.0,01/12/2014,12, December ,2014
Government,France, Paseo , Low ,3945.0,10.0,7.0,27615.0, $276.15 ,27338.85,19725.0,7613.85,01/01/2014,1, January ,2014
Midmarket,France, Paseo , Low ,2296.0,10.0,15.0,34440.0, $344.40 ,34095.6,22960.0,11135.6,01/02/2014,2, February ,2014
Government,France, Paseo , Low ,1030.0,10.0,7.0,7210.0, $72.10 ,7137.9,5150.0,1987.9,01/05/2014,5, May ,2014
Government,France, Velo , Low ,639.0,120.0,7.0,4473.0, $44.73 ,4428.27,3195.0,1233.27,01/11/2014,11, November ,2014
Government,Canada, VTT , Low ,1326.0,250.0,7.0,9282.0, $92.82 ,9189.18,6630.0,2559.18,01/03/2014,3, March ,2014
Channel Partners,United States of America, Carretera , Low ,1858.0,3.0,12.0,22296.0, $222.96 ,22073.04,5574.0,16499.04,01/02/2014,2, February ,2014
Government,Mexico, Carretera , Low ,1210.0,3.0,350.0,423500.0," $4,235.00 ",419265.0,314600.0,104665.0,01/03/2014,3, March ,2014
Government,United States of America, Carretera , Low ,2529.0,3.0,7.0,17703.0, $177.03 ,17525.97,12645.0,4880.97,01/07/2014,7, July ,2014
Channel Partners,Canada, Carretera , Low ,1445.0,3.0,12.0,17340.0, $173.40 ,17166.6,4335.0,12831.6,01/09/2014,9, September ,2014
Enterprise,United States of America, Carretera , Low ,330.0,3.0,125.0,41250.0, $412.50 ,40837.5,39600.0,1237.5,01/09/2013,9, September ,2013
Channel Partners,France, Carretera , Low ,2671.0,3.0,12.0,32052.0, $320.52 ,31731.48,8013.0,23718.48,01/09/2014,9, September ,2014
Channel Partners,Germany, Carretera , Low ,766.0,3.0,12.0,9192.0, $91.92 ,9100.08,2298.0,6802.08,01/10/2013,10, October ,2013
Small Business,Mexico, Carretera , Low ,494.0,3.0,300.0,148200.0," $1,482.00 ",146718.0,123500.0,23218.0,01/10/2013,10, October ,2013
Government,Mexico, Carretera , Low ,1397.0,3.0,350.0,488950.0," $4,889.50 ",484060.5,363220.0,120840.5,01/10/2014,10, October ,2014
Government,France, Carretera , Low ,2155.0,3.0,350.0,754250.0," $7,542.50 ",746707.5,560300.0,186407.5,01/12/2014,12, December ,2014
Midmarket,Mexico, Montana , Low ,2214.0,5.0,15.0,33210.0, $332.10 ,32877.9,22140.0,10737.9,01/03/2014,3, March ,2014
Small Business,United States of America, Montana , Low ,2301.0,5.0,300.0,690300.0," $6,903.00 ",683397.0,575250.0,108147.0,01/04/2014,4, April ,2014
Government,France, Montana , Low ,1375.5,5.0,20.0,27510.0, $275.10 ,27234.9,13755.0,13479.9,01/07/2014,7, July ,2014
Government,Canada, Montana , Low ,1830.0,5.0,7.0,12810.0, $128.10 ,12681.9,9150.0,3531.9,01/08/2014,8, August ,2014
Small Business,United States of America, Montana , Low ,2498.0,5.0,300.0,749400.0," $7,494.00 ",741906.0,624500.0,117406.0,01/09/2013,9, September ,2013
Enterprise,United States of America, Montana , Low ,663.0,5.0,125.0,82875.0, $828.75 ,82046.25,79560.0,2486.25,01/10/2013,10, October ,2013
Midmarket,United States of America, Paseo , Low ,1514.0,10.0,15.0,22710.0, $227.10 ,22482.9,15140.0,7342.9,01/02/2014,2, February ,2014
Government,United States of America, Paseo , Low ,4492.5,10.0,7.0,31447.5, $314.48 ,31133.03,22462.5,8670.53,01/04/2014,4, April ,2014
Enterprise,United States of America, Paseo , Low ,727.0,10.0,125.0,90875.0, $908.75 ,89966.25,87240.0,2726.25,01/06/2014,6, June ,2014
Enterprise,France, Paseo , Low ,787.0,10.0,125.0,98375.0, $983.75 ,97391.25,94440.0,2951.25,01/06/2014,6, June ,2014
Enterprise,Mexico, Paseo , Low ,1823.0,10.0,125.0,227875.0," $2,278.75 ",225596.25,218760.0,6836.25,01/07/2014,7, July ,2014
Midmarket,Germany, Paseo , Low ,747.0,10.0,15.0,11205.0, $112.05 ,11092.95,7470.0,3622.95,01/09/2014,9, September ,2014
Channel Partners,Germany, Paseo , Low ,766.0,10.0,12.0,9192.0, $91.92 ,9100.08,2298.0,6802.08,01/10/2013,10, October ,2013
Small Business,United States of America, Paseo , Low ,2905.0,10.0,300.0,871500.0," $8,715.00 ",862785.0,726250.0,136535.0,01/11/2014,11, November ,2014
Government,France, Paseo , Low ,2155.0,10.0,350.0,754250.0," $7,542.50 ",746707.5,560300.0,186407.5,01/12/2014,12, December ,2014
Government,France, Velo , Low ,3864.0,120.0,20.0,77280.0, $772.80 ,76507.2,38640.0,37867.2,01/04/2014,4, April ,2014
Government,Mexico, Velo , Low ,362.0,120.0,7.0,2534.0, $25.34 ,2508.66,1810.0,698.66,01/05/2014,5, May ,2014
Enterprise,Canada, Velo , Low ,923.0,120.0,125.0,115375.0," $1,153.75 ",114221.25,110760.0,3461.25,01/08/2014,8, August ,2014
Enterprise,United States of America, Velo , Low ,663.0,120.0,125.0,82875.0, $828.75 ,82046.25,79560.0,2486.25,01/10/2013,10, October ,2013
Government,Canada, Velo , Low ,2092.0,120.0,7.0,14644.0, $146.44 ,14497.56,10460.0,4037.56,01/11/2013,11, November ,2013
Government,Germany, VTT , Low ,263.0,250.0,7.0,1841.0, $18.41 ,1822.59,1315.0,507.59,01/03/2014,3, March ,2014
Government,Canada, VTT , Low ,943.5,250.0,350.0,330225.0," $3,302.25 ",326922.75,245310.0,81612.75,01/04/2014,4, April ,2014
Enterprise,United States of America, VTT , Low ,727.0,250.0,125.0,90875.0, $908.75 ,89966.25,87240.0,2726.25,01/06/2014,6, June ,2014
Enterprise,France, VTT , Low ,787.0,250.0,125.0,98375.0, $983.75 ,97391.25,94440.0,2951.25,01/06/2014,6, June ,2014
Small Business,Germany, VTT , Low ,986.0,250.0,300.0,295800.0," $2,958.00 ",292842.0,246500.0,46342.0,01/09/2014,9, September ,2014
Small Business,Mexico, VTT , Low ,494.0,250.0,300.0,148200.0," $1,482.00 ",146718.0,123500.0,23218.0,01/10/2013,10, October ,2013
Government,Mexico, VTT , Low ,1397.0,250.0,350.0,488950.0," $4,889.50 ",484060.5,363220.0,120840.5,01/10/2014,10, October ,2014
Enterprise,France, VTT , Low ,1744.0,250.0,125.0,218000.0," $2,180.00 ",215820.0,209280.0,6540.0,01/11/2014,11, November ,2014
Channel Partners,United States of America, Amarilla , Low ,1989.0,260.0,12.0,23868.0, $238.68 ,23629.32,5967.0,17662.32,01/09/2013,9, September ,2013
Midmarket,France, Amarilla , Low ,321.0,260.0,15.0,4815.0, $48.15 ,4766.85,3210.0,1556.85,01/11/2013,11, November ,2013
Enterprise,Canada, Carretera , Low ,742.5,3.0,125.0,92812.5," $1,856.25 ",90956.25,89100.0,1856.25,01/04/2014,4, April ,2014
Channel Partners,Canada, Carretera , Low ,1295.0,3.0,12.0,15540.0, $310.80 ,15229.2,3885.0,11344.2,01/10/2014,10, October ,2014
Small Business,Germany, Carretera , Low ,214.0,3.0,300.0,64200.0," $1,284.00 ",62916.0,53500.0,9416.0,01/10/2013,10, October ,2013
Government,France, Carretera , Low ,2145.0,3.0,7.0,15015.0, $300.30 ,14714.7,10725.0,3989.7,01/11/2013,11, November ,2013
Government,Canada, Carretera , Low ,2852.0,3.0,350.0,998200.0," $19,964.00 ",978236.0,741520.0,236716.0,01/12/2014,12, December ,2014
Channel Partners,United States of America, Montana , Low ,1142.0,5.0,12.0,13704.0, $274.08 ,13429.92,3426.0,10003.92,01/06/2014,6, June ,2014
Government,United States of America, Montana , Low ,1566.0,5.0,20.0,31320.0, $626.40 ,30693.6,15660.0,15033.6,01/10/2014,10, October ,2014
Channel Partners,Mexico, Montana , Low ,690.0,5.0,12.0,8280.0, $165.60 ,8114.4,2070.0,6044.4,01/11/2014,11, November ,2014
Enterprise,Mexico, Montana , Low ,1660.0,5.0,125.0,207500.0," $4,150.00 ",203350.0,199200.0,4150.0,01/11/2013,11, November ,2013
Midmarket,Canada, Paseo , Low ,2363.0,10.0,15.0,35445.0, $708.90 ,34736.1,23630.0,11106.1,01/02/2014,2, February ,2014
Small Business,France, Paseo , Low ,918.0,10.0,300.0,275400.0," $5,508.00 ",269892.0,229500.0,40392.0,01/05/2014,5, May ,2014
Small Business,Germany, Paseo , Low ,1728.0,10.0,300.0,518400.0," $10,368.00 ",508032.0,432000.0,76032.0,01/05/2014,5, May ,2014
Channel Partners,United States of America, Paseo , Low ,1142.0,10.0,12.0,13704.0, $274.08 ,13429.92,3426.0,10003.92,01/06/2014,6, June ,2014
Enterprise,Mexico, Paseo , Low ,662.0,10.0,125.0,82750.0," $1,655.00 ",81095.0,79440.0,1655.0,01/06/2014,6, June ,2014
Channel Partners,Canada, Paseo , Low ,1295.0,10.0,12.0,15540.0, $310.80 ,15229.2,3885.0,11344.2,01/10/2014,10, October ,2014
Enterprise,Germany, Paseo , Low ,809.0,10.0,125.0,101125.0," $2,022.50 ",99102.5,97080.0,2022.5,01/10/2013,10, October ,2013
Enterprise,Mexico, Paseo , Low ,2145.0,10.0,125.0,268125.0," $5,362.50 ",262762.5,257400.0,5362.5,01/10/2013,10, October ,2013
Channel Partners,France, Paseo , Low ,1785.0,10.0,12.0,21420.0, $428.40 ,20991.6,5355.0,15636.6,01/11/2013,11, November ,2013
Small Business,Canada, Paseo , Low ,1916.0,10.0,300.0,574800.0," $11,496.00 ",563304.0,479000.0,84304.0,01/12/2014,12, December ,2014
Government,Canada, Paseo , Low ,2852.0,10.0,350.0,998200.0," $19,964.00 ",978236.0,741520.0,236716.0,01/12/2014,12, December ,2014
Enterprise,Canada, Paseo , Low ,2729.0,10.0,125.0,341125.0," $6,822.50 ",334302.5,327480.0,6822.5,01/12/2014,12, December ,2014
Midmarket,United States of America, Paseo , Low ,1925.0,10.0,15.0,28875.0, $577.50 ,28297.5,19250.0,9047.5,01/12/2013,12, December ,2013
Government,United States of America, Paseo , Low ,2013.0,10.0,7.0,14091.0, $281.82 ,13809.18,10065.0,3744.18,01/12/2013,12, December ,2013
Channel Partners,France, Paseo , Low ,1055.0,10.0,12.0,12660.0, $253.20 ,12406.8,3165.0,9241.8,01/12/2014,12, December ,2014
Channel Partners,Mexico, Paseo , Low ,1084.0,10.0,12.0,13008.0, $260.16 ,12747.84,3252.0,9495.84,01/12/2014,12, December ,2014
Government,United States of America, Velo , Low ,1566.0,120.0,20.0,31320.0, $626.40 ,30693.6,15660.0,15033.6,01/10/2014,10, October ,2014
Government,Germany, Velo , Low ,2966.0,120.0,350.0,1038100.0," $20,762.00 ",1017338.0,771160.0,246178.0,01/10/2013,10, October ,2013
Government,Germany, Velo , Low ,2877.0,120.0,350.0,1006950.0," $20,139.00 ",986811.0,748020.0,238791.0,01/10/2014,10, October ,2014
Enterprise,Germany, Velo , Low ,809.0,120.0,125.0,101125.0," $2,022.50 ",99102.5,97080.0,2022.5,01/10/2013,10, October ,2013
Enterprise,Mexico, Velo , Low ,2145.0,120.0,125.0,268125.0," $5,362.50 ",262762.5,257400.0,5362.5,01/10/2013,10, October ,2013
Channel Partners,France, Velo , Low ,1055.0,120.0,12.0,12660.0, $253.20 ,12406.8,3165.0,9241.8,01/12/2014,12, December ,2014
Government,Mexico, Velo , Low ,544.0,120.0,20.0,10880.0, $217.60 ,10662.4,5440.0,5222.4,01/12/2013,12, December ,2013
Channel Partners,Mexico, Velo , Low ,1084.0,120.0,12.0,13008.0, $260.16 ,12747.84,3252.0,9495.84,01/12/2014,12, December ,2014
Enterprise,Mexico, VTT , Low ,662.0,250.0,125.0,82750.0," $1,655.00 ",81095.0,79440.0,1655.0,01/06/2014,6, June ,2014
Small Business,Germany, VTT , Low ,214.0,250.0,300.0,64200.0," $1,284.00 ",62916.0,53500.0,9416.0,01/10/2013,10, October ,2013
Government,Germany, VTT , Low ,2877.0,250.0,350.0,1006950.0," $20,139.00 ",986811.0,748020.0,238791.0,01/10/2014,10, October ,2014
Enterprise,Canada, VTT , Low ,2729.0,250.0,125.0,341125.0," $6,822.50 ",334302.5,327480.0,6822.5,01/12/2014,12, December ,2014
Government,United States of America, VTT , Low ,266.0,250.0,350.0,93100.0," $1,862.00 ",91238.0,69160.0,22078.0,01/12/2013,12, December ,2013
Government,Mexico, VTT , Low ,1940.0,250.0,350.0,679000.0," $13,580.00 ",665420.0,504400.0,161020.0,01/12/2013,12, December ,2013
Small Business,Germany, Amarilla , Low ,259.0,260.0,300.0,77700.0," $1,554.00 ",76146.0,64750.0,11396.0,01/03/2014,3, March ,2014
Small Business,Mexico, Amarilla , Low ,1101.0,260.0,300.0,330300.0," $6,606.00 ",323694.0,275250.0,48444.0,01/03/2014,3, March ,2014
Enterprise,Germany, Amarilla , Low ,2276.0,260.0,125.0,284500.0," $5,690.00 ",278810.0,273120.0,5690.0,01/05/2014,5, May ,2014
Government,Germany, Amarilla , Low ,2966.0,260.0,350.0,1038100.0," $20,762.00 ",1017338.0,771160.0,246178.0,01/10/2013,10, October ,2013
Government,United States of America, Amarilla , Low ,1236.0,260.0,20.0,24720.0, $494.40 ,24225.6,12360.0,11865.6,01/11/2014,11, November ,2014
Government,France, Amarilla , Low ,941.0,260.0,20.0,18820.0, $376.40 ,18443.6,9410.0,9033.6,01/11/2014,11, November ,2014
Small Business,Canada, Amarilla , Low ,1916.0,260.0,300.0,574800.0," $11,496.00 ",563304.0,479000.0,84304.0,01/12/2014,12, December ,2014
Enterprise,France, Carretera , Low ,4243.5,3.0,125.0,530437.5," $15,913.13 ",514524.38,509220.0,5304.38,01/04/2014,4, April ,2014
Government,Germany, Carretera , Low ,2580.0,3.0,20.0,51600.0," $1,548.00 ",50052.0,25800.0,24252.0,01/04/2014,4, April ,2014
Small Business,Germany, Carretera , Low ,689.0,3.0,300.0,206700.0," $6,201.00 ",200499.0,172250.0,28249.0,01/06/2014,6, June ,2014
Channel Partners,United States of America, Carretera , Low ,1947.0,3.0,12.0,23364.0, $700.92 ,22663.08,5841.0,16822.08,01/09/2014,9, September ,2014
Channel Partners,Canada, Carretera , Low ,908.0,3.0,12.0,10896.0, $326.88 ,10569.12,2724.0,7845.12,01/12/2013,12, December ,2013
Government,Germany, Montana , Low ,1958.0,5.0,7.0,13706.0, $411.18 ,13294.82,9790.0,3504.82,01/02/2014,2, February ,2014
Channel Partners,France, Montana , Low ,1901.0,5.0,12.0,22812.0, $684.36 ,22127.64,5703.0,16424.64,01/06/2014,6, June ,2014
Government,France, Montana , Low ,544.0,5.0,7.0,3808.0, $114.24 ,3693.76,2720.0,973.76,01/09/2014,9, September ,2014
Government,Germany, Montana , Low ,1797.0,5.0,350.0,628950.0," $18,868.50 ",610081.5,467220.0,142861.5,01/09/2013,9, September ,2013
Enterprise,France, Montana , Low ,1287.0,5.0,125.0,160875.0," $4,826.25 ",156048.75,154440.0,1608.75,01/12/2014,12, December ,2014
Enterprise,Germany, Montana , Low ,1706.0,5.0,125.0,213250.0," $6,397.50 ",206852.5,204720.0,2132.5,01/12/2014,12, December ,2014
Small Business,France, Paseo , Low ,2434.5,10.0,300.0,730350.0," $21,910.50 ",708439.5,608625.0,99814.5,01/01/2014,1, January ,2014
Enterprise,Canada, Paseo , Low ,1774.0,10.0,125.0,221750.0," $6,652.50 ",215097.5,212880.0,2217.5,01/03/2014,3, March ,2014
Channel Partners,France, Paseo , Low ,1901.0,10.0,12.0,22812.0, $684.36 ,22127.64,5703.0,16424.64,01/06/2014,6, June ,2014
Small Business,Germany, Paseo , Low ,689.0,10.0,300.0,206700.0," $6,201.00 ",200499.0,172250.0,28249.0,01/06/2014,6, June ,2014
Enterprise,Germany, Paseo , Low ,1570.0,10.0,125.0,196250.0," $5,887.50 ",190362.5,188400.0,1962.5,01/06/2014,6, June ,2014
Channel Partners,United States of America, Paseo , Low ,1369.5,10.0,12.0,16434.0, $493.02 ,15940.98,4108.5,11832.48,01/07/2014,7, July ,2014
Enterprise,Canada, Paseo , Low ,2009.0,10.0,125.0,251125.0," $7,533.75 ",243591.25,241080.0,2511.25,01/10/2014,10, October ,2014
Midmarket,Germany, Paseo , Low ,1945.0,10.0,15.0,29175.0, $875.25 ,28299.75,19450.0,8849.75,01/10/2013,10, October ,2013
Enterprise,France, Paseo , Low ,1287.0,10.0,125.0,160875.0," $4,826.25 ",156048.75,154440.0,1608.75,01/12/2014,12, December ,2014
Enterprise,Germany, Paseo , Low ,1706.0,10.0,125.0,213250.0," $6,397.50 ",206852.5,204720.0,2132.5,01/12/2014,12, December ,2014
Enterprise,Canada, Velo , Low ,2009.0,120.0,125.0,251125.0," $7,533.75 ",243591.25,241080.0,2511.25,01/10/2014,10, October ,2014
Small Business,United States of America, VTT , Low ,2844.0,250.0,300.0,853200.0," $25,596.00 ",827604.0,711000.0,116604.0,01/02/2014,2, February ,2014
Channel Partners,Mexico, VTT , Low ,1916.0,250.0,12.0,22992.0, $689.76 ,22302.24,5748.0,16554.24,01/04/2014,4, April ,2014
Enterprise,Germany, VTT , Low ,1570.0,250.0,125.0,196250.0," $5,887.50 ",190362.5,188400.0,1962.5,01/06/2014,6, June ,2014
Small Business,Canada, VTT , Low ,1874.0,250.0,300.0,562200.0," $16,866.00 ",545334.0,468500.0,76834.0,01/08/2014,8, August ,2014
Government,Mexico, VTT , Low ,1642.0,250.0,350.0,574700.0," $17,241.00 ",557459.0,426920.0,130539.0,01/08/2014,8, August ,2014
Midmarket,Germany, VTT , Low ,1945.0,250.0,15.0,29175.0, $875.25 ,28299.75,19450.0,8849.75,01/10/2013,10, October ,2013
Government,Canada, Carretera , Low ,831.0,3.0,20.0,16620.0, $498.60 ,16121.4,8310.0,7811.4,01/05/2014,5, May ,2014
Government,Mexico, Paseo , Low ,1760.0,10.0,7.0,12320.0, $369.60 ,11950.4,8800.0,3150.4,01/09/2013,9, September ,2013
Government,Canada, Velo , Low ,3850.5,120.0,20.0,77010.0," $2,310.30 ",74699.7,38505.0,36194.7,01/04/2014,4, April ,2014
Channel Partners,Germany, VTT , Low ,2479.0,250.0,12.0,29748.0, $892.44 ,28855.56,7437.0,21418.56,01/01/2014,1, January ,2014
Midmarket,Mexico, Montana , Low ,2031.0,5.0,15.0,30465.0," $1,218.60 ",29246.4,20310.0,8936.4,01/10/2014,10, October ,2014
Midmarket,Mexico, Paseo , Low ,2031.0,10.0,15.0,30465.0," $1,218.60 ",29246.4,20310.0,8936.4,01/10/2014,10, October ,2014
Midmarket,France, Paseo , Low ,2261.0,10.0,15.0,33915.0," $1,356.60 ",32558.4,22610.0,9948.4,01/12/2013,12, December ,2013
Government,United States of America, Velo , Low ,736.0,120.0,20.0,14720.0, $588.80 ,14131.2,7360.0,6771.2,01/09/2013,9, September ,2013
Government,Canada, Carretera , Low ,2851.0,3.0,7.0,19957.0, $798.28 ,19158.72,14255.0,4903.72,01/10/2013,10, October ,2013
Small Business,Germany, Carretera , Low ,2021.0,3.0,300.0,606300.0," $24,252.00 ",582048.0,505250.0,76798.0,01/10/2014,10, October ,2014
Government,United States of America, Carretera , Low ,274.0,3.0,350.0,95900.0," $3,836.00 ",92064.0,71240.0,20824.0,01/12/2014,12, December ,2014
Midmarket,Canada, Montana , Low ,1967.0,5.0,15.0,29505.0," $1,180.20 ",28324.8,19670.0,8654.8,01/03/2014,3, March ,2014
Small Business,Germany, Montana , Low ,1859.0,5.0,300.0,557700.0," $22,308.00 ",535392.0,464750.0,70642.0,01/08/2014,8, August ,2014
Government,Canada, Montana , Low ,2851.0,5.0,7.0,19957.0, $798.28 ,19158.72,14255.0,4903.72,01/10/2013,10, October ,2013
Small Business,Germany, Montana , Low ,2021.0,5.0,300.0,606300.0," $24,252.00 ",582048.0,505250.0,76798.0,01/10/2014,10, October ,2014
Enterprise,Mexico, Montana , Low ,1138.0,5.0,125.0,142250.0," $5,690.00 ",136560.0,136560.0,,01/12/2014,12, December ,2014
Government,Canada, Paseo , Low ,4251.0,10.0,7.0,29757.0," $1,190.28 ",28566.72,21255.0,7311.72,01/01/2014,1, January ,2014
Enterprise,Germany, Paseo , Low ,795.0,10.0,125.0,99375.0," $3,975.00 ",95400.0,95400.0,,01/03/2014,3, March ,2014
Small Business,Germany, Paseo , Low ,1414.5,10.0,300.0,424350.0," $16,974.00 ",407376.0,353625.0,53751.0,01/04/2014,4, April ,2014
Small Business,United States of America, Paseo , Low ,2918.0,10.0,300.0,875400.0," $35,016.00 ",840384.0,729500.0,110884.0,01/05/2014,5, May ,2014
Government,United States of America, Paseo , Low ,3450.0,10.0,350.0,1207500.0," $48,300.00 ",1159200.0,897000.0,262200.0,01/07/2014,7, July ,2014
Enterprise,France, Paseo , Low ,2988.0,10.0,125.0,373500.0," $14,940.00 ",358560.0,358560.0,,01/07/2014,7, July ,2014
Midmarket,Canada, Paseo , Low ,218.0,10.0,15.0,3270.0, $130.80 ,3139.2,2180.0,959.2,01/09/2014,9, September ,2014
Government,Canada, Paseo , Low ,2074.0,10.0,20.0,41480.0," $1,659.20 ",39820.8,20740.0,19080.8,01/09/2014,9, September ,2014
Government,United States of America, Paseo , Low ,1056.0,10.0,20.0,21120.0, $844.80 ,20275.2,10560.0,9715.2,01/09/2014,9, September ,2014
Midmarket,United States of America, Paseo , Low ,671.0,10.0,15.0,10065.0, $402.60 ,9662.4,6710.0,2952.4,01/10/2013,10, October ,2013
Midmarket,Mexico, Paseo , Low ,1514.0,10.0,15.0,22710.0, $908.40 ,21801.6,15140.0,6661.6,01/10/2013,10, October ,2013
Government,United States of America, Paseo , Low ,274.0,10.0,350.0,95900.0," $3,836.00 ",92064.0,71240.0,20824.0,01/12/2014,12, December ,2014
Enterprise,Mexico, Paseo , Low ,1138.0,10.0,125.0,142250.0," $5,690.00 ",136560.0,136560.0,,01/12/2014,12, December ,2014
Channel Partners,United States of America, Velo , Low ,1465.0,120.0,12.0,17580.0, $703.20 ,16876.8,4395.0,12481.8,01/03/2014,3, March ,2014
Government,Canada, Velo , Low ,2646.0,120.0,20.0,52920.0," $2,116.80 ",50803.2,26460.0,24343.2,01/09/2013,9, September ,2013
Government,France, Velo , Low ,2177.0,120.0,350.0,761950.0," $30,478.00 ",731472.0,566020.0,165452.0,01/10/2014,10, October ,2014
Channel Partners,France, VTT , Low ,866.0,250.0,12.0,10392.0, $415.68 ,9976.32,2598.0,7378.32,01/05/2014,5, May ,2014
Government,United States of America, VTT , Low ,349.0,250.0,350.0,122150.0," $4,886.00 ",117264.0,90740.0,26524.0,01/09/2013,9, September ,2013
Government,France, VTT , Low ,2177.0,250.0,350.0,761950.0," $30,478.00 ",731472.0,566020.0,165452.0,01/10/2014,10, October ,2014
Midmarket,Mexico, VTT , Low ,1514.0,250.0,15.0,22710.0, $908.40 ,21801.6,15140.0,6661.6,01/10/2013,10, October ,2013
Government,Mexico, Amarilla , Low ,1865.0,260.0,350.0,652750.0," $26,110.00 ",626640.0,484900.0,141740.0,01/02/2014,2, February ,2014
Enterprise,Mexico, Amarilla , Low ,1074.0,260.0,125.0,134250.0," $5,370.00 ",128880.0,128880.0,,01/04/2014,4, April ,2014
Government,Germany, Amarilla , Low ,1907.0,260.0,350.0,667450.0," $26,698.00 ",640752.0,495820.0,144932.0,01/09/2014,9, September ,2014
Midmarket,United States of America, Amarilla , Low ,671.0,260.0,15.0,10065.0, $402.60 ,9662.4,6710.0,2952.4,01/10/2013,10, October ,2013
Government,Canada, Amarilla , Low ,1778.0,260.0,350.0,622300.0," $24,892.00 ",597408.0,462280.0,135128.0,01/12/2013,12, December ,2013
Government,Germany, Montana , Medium ,1159.0,5.0,7.0,8113.0, $405.65 ,7707.35,5795.0,1912.35,01/10/2013,10, October ,2013
Government,Germany, Paseo , Medium ,1372.0,10.0,7.0,9604.0, $480.20 ,9123.8,6860.0,2263.8,01/01/2014,1, January ,2014
Government,Canada, Paseo , Medium ,2349.0,10.0,7.0,16443.0, $822.15 ,15620.85,11745.0,3875.85,01/09/2013,9, September ,2013
Government,Mexico, Paseo , Medium ,2689.0,10.0,7.0,18823.0, $941.15 ,17881.85,13445.0,4436.85,01/10/2014,10, October ,2014
Channel Partners,Canada, Paseo , Medium ,2431.0,10.0,12.0,29172.0," $1,458.60 ",27713.4,7293.0,20420.4,01/12/2014,12, December ,2014
Channel Partners,Canada, Velo , Medium ,2431.0,120.0,12.0,29172.0," $1,458.60 ",27713.4,7293.0,20420.4,01/12/2014,12, December ,2014
Government,Mexico, VTT , Medium ,2689.0,250.0,7.0,18823.0, $941.15 ,17881.85,13445.0,4436.85,01/10/2014,10, October ,2014
Government,Mexico, Amarilla , Medium ,1683.0,260.0,7.0,11781.0, $589.05 ,11191.95,8415.0,2776.95,01/07/2014,7, July ,2014
Channel Partners,Mexico, Amarilla , Medium ,1123.0,260.0,12.0,13476.0, $673.80 ,12802.2,3369.0,9433.2,01/08/2014,8, August ,2014
Government,Germany, Amarilla , Medium ,1159.0,260.0,7.0,8113.0, $405.65 ,7707.35,5795.0,1912.35,01/10/2013,10, October ,2013
Channel Partners,France, Carretera , Medium ,1865.0,3.0,12.0,22380.0," $1,119.00 ",21261.0,5595.0,15666.0,01/02/2014,2, February ,2014
Channel Partners,Germany, Carretera , Medium ,1116.0,3.0,12.0,13392.0, $669.60 ,12722.4,3348.0,9374.4,01/02/2014,2, February ,2014
Government,France, Carretera , Medium ,1563.0,3.0,20.0,31260.0," $1,563.00 ",29697.0,15630.0,14067.0,01/05/2014,5, May ,2014
Small Business,United States of America, Carretera , Medium ,991.0,3.0,300.0,297300.0," $14,865.00 ",282435.0,247750.0,34685.0,01/06/2014,6, June ,2014
Government,Germany, Carretera , Medium ,1016.0,3.0,7.0,7112.0, $355.60 ,6756.4,5080.0,1676.4,01/11/2013,11, November ,2013
Midmarket,Mexico, Carretera , Medium ,2791.0,3.0,15.0,41865.0," $2,093.25 ",39771.75,27910.0,11861.75,01/11/2014,11, November ,2014
Government,United States of America, Carretera , Medium ,570.0,3.0,7.0,3990.0, $199.50 ,3790.5,2850.0,940.5,01/12/2014,12, December ,2014
Government,France, Carretera , Medium ,2487.0,3.0,7.0,17409.0, $870.45 ,16538.55,12435.0,4103.55,01/12/2014,12, December ,2014
Government,France, Montana , Medium ,1384.5,5.0,350.0,484575.0," $24,228.75 ",460346.25,359970.0,100376.25,01/01/2014,1, January ,2014
Enterprise,United States of America, Montana , Medium ,3627.0,5.0,125.0,453375.0," $22,668.75 ",430706.25,435240.0,,01/07/2014,7, July ,2014
Government,Mexico, Montana , Medium ,720.0,5.0,350.0,252000.0," $12,600.00 ",239400.0,187200.0,52200.0,01/09/2013,9, September ,2013
Channel Partners,Germany, Montana , Medium ,2342.0,5.0,12.0,28104.0," $1,405.20 ",26698.8,7026.0,19672.8,01/11/2014,11, November ,2014
Small Business,Mexico, Montana , Medium ,1100.0,5.0,300.0,330000.0," $16,500.00 ",313500.0,275000.0,38500.0,01/12/2013,12, December ,2013
Government,France, Paseo , Medium ,1303.0,10.0,20.0,26060.0," $1,303.00 ",24757.0,13030.0,11727.0,01/02/2014,2, February ,2014
Enterprise,United States of America, Paseo , Medium ,2992.0,10.0,125.0,374000.0," $18,700.00 ",355300.0,359040.0,,01/03/2014,3, March ,2014
Enterprise,France, Paseo , Medium ,2385.0,10.0,125.0,298125.0," $14,906.25 ",283218.75,286200.0,,01/03/2014,3, March ,2014
Small Business,Mexico, Paseo , Medium ,1607.0,10.0,300.0,482100.0," $24,105.00 ",457995.0,401750.0,56245.0,01/04/2014,4, April ,2014
Government,United States of America, Paseo , Medium ,2327.0,10.0,7.0,16289.0, $814.45 ,15474.55,11635.0,3839.55,01/05/2014,5, May ,2014
Small Business,United States of America, Paseo , Medium ,991.0,10.0,300.0,297300.0," $14,865.00 ",282435.0,247750.0,34685.0,01/06/2014,6, June ,2014
Government,United States of America, Paseo , Medium ,602.0,10.0,350.0,210700.0," $10,535.00 ",200165.0,156520.0,43645.0,01/06/2014,6, June ,2014
Midmarket,France, Paseo , Medium ,2620.0,10.0,15.0,39300.0," $1,965.00 ",37335.0,26200.0,11135.0,01/09/2014,9, September ,2014
Government,Canada, Paseo , Medium ,1228.0,10.0,350.0,429800.0," $21,490.00 ",408310.0,319280.0,89030.0,01/10/2013,10, October ,2013
Government,Canada, Paseo , Medium ,1389.0,10.0,20.0,27780.0," $1,389.00 ",26391.0,13890.0,12501.0,01/10/2013,10, October ,2013
Enterprise,United States of America, Paseo , Medium ,861.0,10.0,125.0,107625.0," $5,381.25 ",102243.75,103320.0,,01/10/2014,10, October ,2014
Enterprise,France, Paseo , Medium ,704.0,10.0,125.0,88000.0," $4,400.00 ",83600.0,84480.0,,01/10/2013,10, October ,2013
Government,Canada, Paseo , Medium ,1802.0,10.0,20.0,36040.0," $1,802.00 ",34238.0,18020.0,16218.0,01/12/2013,12, December ,2013
Government,United States of America, Paseo , Medium ,2663.0,10.0,20.0,53260.0," $2,663.00 ",50597.0,26630.0,23967.0,01/12/2014,12, December ,2014
Government,France, Paseo , Medium ,2136.0,10.0,7.0,14952.0, $747.60 ,14204.4,10680.0,3524.4,01/12/2013,12, December ,2013
Midmarket,Germany, Paseo , Medium ,2116.0,10.0,15.0,31740.0," $1,587.00 ",30153.0,21160.0,8993.0,01/12/2013,12, December ,2013
Midmarket,United States of America, Velo , Medium ,555.0,120.0,15.0,8325.0, $416.25 ,7908.75,5550.0,2358.75,01/01/2014,1, January ,2014
Midmarket,Mexico, Velo , Medium ,2861.0,120.0,15.0,42915.0," $2,145.75 ",40769.25,28610.0,12159.25,01/01/2014,1, January ,2014
Enterprise,Germany, Velo , Medium ,807.0,120.0,125.0,100875.0," $5,043.75 ",95831.25,96840.0,,01/02/2014,2, February ,2014
Government,United States of America, Velo , Medium ,602.0,120.0,350.0,210700.0," $10,535.00 ",200165.0,156520.0,43645.0,01/06/2014,6, June ,2014
Government,United States of America, Velo , Medium ,2832.0,120.0,20.0,56640.0," $2,832.00 ",53808.0,28320.0,25488.0,01/08/2014,8, August ,2014
Government,France, Velo , Medium ,1579.0,120.0,20.0,31580.0," $1,579.00 ",30001.0,15790.0,14211.0,01/08/2014,8, August ,2014
Enterprise,United States of America, Velo , Medium ,861.0,120.0,125.0,107625.0," $5,381.25 ",102243.75,103320.0,,01/10/2014,10, October ,2014
Enterprise,France, Velo , Medium ,704.0,120.0,125.0,88000.0," $4,400.00 ",83600.0,84480.0,,01/10/2013,10, October ,2013
Government,France, Velo , Medium ,1033.0,120.0,20.0,20660.0," $1,033.00 ",19627.0,10330.0,9297.0,01/12/2013,12, December ,2013
Small Business,Germany, Velo , Medium ,1250.0,120.0,300.0,375000.0," $18,750.00 ",356250.0,312500.0,43750.0,01/12/2014,12, December ,2014
Government,Canada, VTT , Medium ,1389.0,250.0,20.0,27780.0," $1,389.00 ",26391.0,13890.0,12501.0,01/10/2013,10, October ,2013
Government,United States of America, VTT , Medium ,1265.0,250.0,20.0,25300.0," $1,265.00 ",24035.0,12650.0,11385.0,01/11/2013,11, November ,2013
Government,Germany, VTT , Medium ,2297.0,250.0,20.0,45940.0," $2,297.00 ",43643.0,22970.0,20673.0,01/11/2013,11, November ,2013
Government,United States of America, VTT , Medium ,2663.0,250.0,20.0,53260.0," $2,663.00 ",50597.0,26630.0,23967.0,01/12/2014,12, December ,2014
Government,United States of America, VTT , Medium ,570.0,250.0,7.0,3990.0, $199.50 ,3790.5,2850.0,940.5,01/12/2014,12, December ,2014
Government,France, VTT , Medium ,2487.0,250.0,7.0,17409.0, $870.45 ,16538.55,12435.0,4103.55,01/12/2014,12, December ,2014
Government,Germany, Amarilla , Medium ,1350.0,260.0,350.0,472500.0," $23,625.00 ",448875.0,351000.0,97875.0,01/02/2014,2, February ,2014
Government,Canada, Amarilla , Medium ,552.0,260.0,350.0,193200.0," $9,660.00 ",183540.0,143520.0,40020.0,01/08/2014,8, August ,2014
Government,Canada, Amarilla , Medium ,1228.0,260.0,350.0,429800.0," $21,490.00 ",408310.0,319280.0,89030.0,01/10/2013,10, October ,2013
Small Business,Germany, Amarilla , Medium ,1250.0,260.0,300.0,375000.0," $18,750.00 ",356250.0,312500.0,43750.0,01/12/2014,12, December ,2014
Midmarket,France, Paseo , Medium ,3801.0,10.0,15.0,57015.0," $3,420.90 ",53594.1,38010.0,15584.1,01/04/2014,4, April ,2014
Government,United States of America, Carretera , Medium ,1117.5,3.0,20.0,22350.0," $1,341.00 ",21009.0,11175.0,9834.0,01/01/2014,1, January ,2014
Midmarket,Canada, Carretera , Medium ,2844.0,3.0,15.0,42660.0," $2,559.60 ",40100.4,28440.0,11660.4,01/06/2014,6, June ,2014
Channel Partners,Mexico, Carretera , Medium ,562.0,3.0,12.0,6744.0, $404.64 ,6339.36,1686.0,4653.36,01/09/2014,9, September ,2014
Channel Partners,Canada, Carretera , Medium ,2299.0,3.0,12.0,27588.0," $1,655.28 ",25932.72,6897.0,19035.72,01/10/2013,10, October ,2013
Midmarket,United States of America, Carretera , Medium ,2030.0,3.0,15.0,30450.0," $1,827.00 ",28623.0,20300.0,8323.0,01/11/2014,11, November ,2014
Government,United States of America, Carretera , Medium ,263.0,3.0,7.0,1841.0, $110.46 ,1730.54,1315.0,415.54,01/11/2013,11, November ,2013
Enterprise,Germany, Carretera , Medium ,887.0,3.0,125.0,110875.0," $6,652.50 ",104222.5,106440.0,,01/12/2013,12, December ,2013
Government,Mexico, Montana , Medium ,980.0,5.0,350.0,343000.0," $20,580.00 ",322420.0,254800.0,67620.0,01/04/2014,4, April ,2014
Government,Germany, Montana , Medium ,1460.0,5.0,350.0,511000.0," $30,660.00 ",480340.0,379600.0,100740.0,01/05/2014,5, May ,2014
Government,France, Montana , Medium ,1403.0,5.0,7.0,9821.0, $589.26 ,9231.74,7015.0,2216.74,01/10/2013,10, October ,2013
Channel Partners,United States of America, Montana , Medium ,2723.0,5.0,12.0,32676.0," $1,960.56 ",30715.44,8169.0,22546.44,01/11/2014,11, November ,2014
Government,France, Paseo , Medium ,1496.0,10.0,350.0,523600.0," $31,416.00 ",492184.0,388960.0,103224.0,01/06/2014,6, June ,2014
Channel Partners,Canada, Paseo , Medium ,2299.0,10.0,12.0,27588.0," $1,655.28 ",25932.72,6897.0,19035.72,01/10/2013,10, October ,2013
Government,United States of America, Paseo , Medium ,727.0,10.0,350.0,254450.0," $15,267.00 ",239183.0,189020.0,50163.0,01/10/2013,10, October ,2013
Enterprise,Canada, Velo , Medium ,952.0,120.0,125.0,119000.0," $7,140.00 ",111860.0,114240.0,,01/02/2014,2, February ,2014
Enterprise,United States of America, Velo , Medium ,2755.0,120.0,125.0,344375.0," $20,662.50 ",323712.5,330600.0,,01/02/2014,2, February ,2014
Midmarket,Germany, Velo , Medium ,1530.0,120.0,15.0,22950.0," $1,377.00 ",21573.0,15300.0,6273.0,01/05/2014,5, May ,2014
Government,France, Velo , Medium ,1496.0,120.0,350.0,523600.0," $31,416.00 ",492184.0,388960.0,103224.0,01/06/2014,6, June ,2014
Government,Mexico, Velo , Medium ,1498.0,120.0,7.0,10486.0, $629.16 ,9856.84,7490.0,2366.84,01/06/2014,6, June ,2014
Small Business,France, Velo , Medium ,1221.0,120.0,300.0,366300.0," $21,978.00 ",344322.0,305250.0,39072.0,01/10/2013,10, October ,2013
Government,France, Velo , Medium ,2076.0,120.0,350.0,726600.0," $43,596.00 ",683004.0,539760.0,143244.0,01/10/2013,10, October ,2013
Midmarket,Canada, VTT , Medium ,2844.0,250.0,15.0,42660.0," $2,559.60 ",40100.4,28440.0,11660.4,01/06/2014,6, June ,2014
Government,Mexico, VTT , Medium ,1498.0,250.0,7.0,10486.0, $629.16 ,9856.84,7490.0,2366.84,01/06/2014,6, June ,2014
Small Business,France, VTT , Medium ,1221.0,250.0,300.0,366300.0," $21,978.00 ",344322.0,305250.0,39072.0,01/10/2013,10, October ,2013
Government,Mexico, VTT , Medium ,1123.0,250.0,20.0,22460.0," $1,347.60 ",21112.4,11230.0,9882.4,01/11/2013,11, November ,2013
Small Business,Canada, VTT , Medium ,2436.0,250.0,300.0,730800.0," $43,848.00 ",686952.0,609000.0,77952.0,01/12/2013,12, December ,2013
Enterprise,France, Amarilla , Medium ,1987.5,260.0,125.0,248437.5," $14,906.25 ",233531.25,238500.0,,01/01/2014,1, January ,2014
Government,Mexico, Amarilla , Medium ,1679.0,260.0,350.0,587650.0," $35,259.00 ",552391.0,436540.0,115851.0,01/09/2014,9, September ,2014
Government,United States of America, Amarilla , Medium ,727.0,260.0,350.0,254450.0," $15,267.00 ",239183.0,189020.0,50163.0,01/10/2013,10, October ,2013
Government,France, Amarilla , Medium ,1403.0,260.0,7.0,9821.0, $589.26 ,9231.74,7015.0,2216.74,01/10/2013,10, October ,2013
Government,France, Amarilla , Medium ,2076.0,260.0,350.0,726600.0," $43,596.00 ",683004.0,539760.0,143244.0,01/10/2013,10, October ,2013
Government,France, Montana , Medium ,1757.0,5.0,20.0,35140.0," $2,108.40 ",33031.6,17570.0,15461.6,01/10/2013,10, October ,2013
Midmarket,United States of America, Paseo , Medium ,2198.0,10.0,15.0,32970.0," $1,978.20 ",30991.8,21980.0,9011.8,01/08/2014,8, August ,2014
Midmarket,Germany, Paseo , Medium ,1743.0,10.0,15.0,26145.0," $1,568.70 ",24576.3,17430.0,7146.3,01/08/2014,8, August ,2014
Midmarket,United States of America, Paseo , Medium ,1153.0,10.0,15.0,17295.0," $1,037.70 ",16257.3,11530.0,4727.3,01/10/2014,10, October ,2014
Government,France, Paseo , Medium ,1757.0,10.0,20.0,35140.0," $2,108.40 ",33031.6,17570.0,15461.6,01/10/2013,10, October ,2013
Government,Germany, Velo , Medium ,1001.0,120.0,20.0,20020.0," $1,201.20 ",18818.8,10010.0,8808.8,01/08/2014,8, August ,2014
Government,Mexico, Velo , Medium ,1333.0,120.0,7.0,9331.0, $559.86 ,8771.14,6665.0,2106.14,01/11/2014,11, November ,2014
Midmarket,United States of America, VTT , Medium ,1153.0,250.0,15.0,17295.0," $1,037.70 ",16257.3,11530.0,4727.3,01/10/2014,10, October ,2014
Channel Partners,Mexico, Carretera , Medium ,727.0,3.0,12.0,8724.0, $610.68 ,8113.32,2181.0,5932.32,01/02/2014,2, February ,2014
Channel Partners,Canada, Carretera , Medium ,1884.0,3.0,12.0,22608.0," $1,582.56 ",21025.44,5652.0,15373.44,01/08/2014,8, August ,2014
Government,Mexico, Carretera , Medium ,1834.0,3.0,20.0,36680.0," $2,567.60 ",34112.4,18340.0,15772.4,01/09/2013,9, September ,2013
Channel Partners,Mexico, Montana , Medium ,2340.0,5.0,12.0,28080.0," $1,965.60 ",26114.4,7020.0,19094.4,01/01/2014,1, January ,2014
Channel Partners,France, Montana , Medium ,2342.0,5.0,12.0,28104.0," $1,967.28 ",26136.72,7026.0,19110.72,01/11/2014,11, November ,2014
Government,France, Paseo , Medium ,1031.0,10.0,7.0,7217.0, $505.19 ,6711.81,5155.0,1556.81,01/09/2013,9, September ,2013
Midmarket,Canada, Velo , Medium ,1262.0,120.0,15.0,18930.0," $1,325.10 ",17604.9,12620.0,4984.9,01/05/2014,5, May ,2014
Government,Canada, Velo , Medium ,1135.0,120.0,7.0,7945.0, $556.15 ,7388.85,5675.0,1713.85,01/06/2014,6, June ,2014
Government,United States of America, Velo , Medium ,547.0,120.0,7.0,3829.0, $268.03 ,3560.97,2735.0,825.97,01/11/2014,11, November ,2014
Government,Canada, Velo , Medium ,1582.0,120.0,7.0,11074.0, $775.18 ,10298.82,7910.0,2388.82,01/12/2014,12, December ,2014
Channel Partners,France, VTT , Medium ,1738.5,250.0,12.0,20862.0," $1,460.34 ",19401.66,5215.5,14186.16,01/04/2014,4, April ,2014
Channel Partners,Germany, VTT , Medium ,2215.0,250.0,12.0,26580.0," $1,860.60 ",24719.4,6645.0,18074.4,01/09/2013,9, September ,2013
Government,Canada, VTT , Medium ,1582.0,250.0,7.0,11074.0, $775.18 ,10298.82,7910.0,2388.82,01/12/2014,12, December ,2014
Government,Canada, Amarilla , Medium ,1135.0,260.0,7.0,7945.0, $556.15 ,7388.85,5675.0,1713.85,01/06/2014,6, June ,2014
Government,United States of America, Carretera , Medium ,1761.0,3.0,350.0,616350.0," $43,144.50 ",573205.5,457860.0,115345.5,01/03/2014,3, March ,2014
Small Business,France, Carretera , Medium ,448.0,3.0,300.0,134400.0," $9,408.00 ",124992.0,112000.0,12992.0,01/06/2014,6, June ,2014
Small Business,France, Carretera , Medium ,2181.0,3.0,300.0,654300.0," $45,801.00 ",608499.0,545250.0,63249.0,01/10/2014,10, October ,2014
Government,France, Montana , Medium ,1976.0,5.0,20.0,39520.0," $2,766.40 ",36753.6,19760.0,16993.6,01/10/2014,10, October ,2014
Small Business,France, Montana , Medium ,2181.0,5.0,300.0,654300.0," $45,801.00 ",608499.0,545250.0,63249.0,01/10/2014,10, October ,2014
Enterprise,Germany, Montana , Medium ,2500.0,5.0,125.0,312500.0," $21,875.00 ",290625.0,300000.0,,01/11/2013,11, November ,2013
Small Business,Canada, Paseo , Medium ,1702.0,10.0,300.0,510600.0," $35,742.00 ",474858.0,425500.0,49358.0,01/05/2014,5, May ,2014
Small Business,France, Paseo , Medium ,448.0,10.0,300.0,134400.0," $9,408.00 ",124992.0,112000.0,12992.0,01/06/2014,6, June ,2014
Enterprise,Germany, Paseo , Medium ,3513.0,10.0,125.0,439125.0," $30,738.75 ",408386.25,421560.0,,01/07/2014,7, July ,2014
Midmarket,France, Paseo , Medium ,2101.0,10.0,15.0,31515.0," $2,206.05 ",29308.95,21010.0,8298.95,01/08/2014,8, August ,2014
Midmarket,United States of America, Paseo , Medium ,2931.0,10.0,15.0,43965.0," $3,077.55 ",40887.45,29310.0,11577.45,01/09/2013,9, September ,2013
Government,France, Paseo , Medium ,1535.0,10.0,20.0,30700.0," $2,149.00 ",28551.0,15350.0,13201.0,01/09/2014,9, September ,2014
Small Business,Germany, Paseo , Medium ,1123.0,10.0,300.0,336900.0," $23,583.00 ",313317.0,280750.0,32567.0,01/09/2013,9, September ,2013
Small Business,Canada, Paseo , Medium ,1404.0,10.0,300.0,421200.0," $29,484.00 ",391716.0,351000.0,40716.0,01/11/2013,11, November ,2013
Channel Partners,Mexico, Paseo , Medium ,2763.0,10.0,12.0,33156.0," $2,320.92 ",30835.08,8289.0,22546.08,01/11/2013,11, November ,2013
Government,Germany, Paseo , Medium ,2125.0,10.0,7.0,14875.0," $1,041.25 ",13833.75,10625.0,3208.75,01/12/2013,12, December ,2013
Small Business,France, Velo , Medium ,1659.0,120.0,300.0,497700.0," $34,839.00 ",462861.0,414750.0,48111.0,01/07/2014,7, July ,2014
Government,Mexico, Velo , Medium ,609.0,120.0,20.0,12180.0, $852.60 ,11327.4,6090.0,5237.4,01/08/2014,8, August ,2014
Enterprise,Germany, Velo , Medium ,2087.0,120.0,125.0,260875.0," $18,261.25 ",242613.75,250440.0,,01/09/2014,9, September ,2014
Government,France, Velo , Medium ,1976.0,120.0,20.0,39520.0," $2,766.40 ",36753.6,19760.0,16993.6,01/10/2014,10, October ,2014
Government,United States of America, Velo , Medium ,1421.0,120.0,20.0,28420.0," $1,989.40 ",26430.6,14210.0,12220.6,01/12/2013,12, December ,2013
Small Business,United States of America, Velo , Medium ,1372.0,120.0,300.0,411600.0," $28,812.00 ",382788.0,343000.0,39788.0,01/12/2014,12, December ,2014
Government,Germany, Velo , Medium ,588.0,120.0,20.0,11760.0, $823.20 ,10936.8,5880.0,5056.8,01/12/2013,12, December ,2013
Channel Partners,Canada, VTT , Medium ,3244.5,250.0,12.0,38934.0," $2,725.38 ",36208.62,9733.5,26475.12,01/01/2014,1, January ,2014
Small Business,France, VTT , Medium ,959.0,250.0,300.0,287700.0," $20,139.00 ",267561.0,239750.0,27811.0,01/02/2014,2, February ,2014
Small Business,Mexico, VTT , Medium ,2747.0,250.0,300.0,824100.0," $57,687.00 ",766413.0,686750.0,79663.0,01/02/2014,2, February ,2014
Enterprise,Canada, Amarilla , Medium ,1645.0,260.0,125.0,205625.0," $14,393.75 ",191231.25,197400.0,,01/05/2014,5, May ,2014
Government,France, Amarilla , Medium ,2876.0,260.0,350.0,1006600.0," $70,462.00 ",936138.0,747760.0,188378.0,01/09/2014,9, September ,2014
Enterprise,Germany, Amarilla , Medium ,994.0,260.0,125.0,124250.0," $8,697.50 ",115552.5,119280.0,,01/09/2013,9, September ,2013
Government,Canada, Amarilla , Medium ,1118.0,260.0,20.0,22360.0," $1,565.20 ",20794.8,11180.0,9614.8,01/11/2014,11, November ,2014
Small Business,United States of America, Amarilla , Medium ,1372.0,260.0,300.0,411600.0," $28,812.00 ",382788.0,343000.0,39788.0,01/12/2014,12, December ,2014
Government,Canada, Montana , Medium ,488.0,5.0,7.0,3416.0, $273.28 ,3142.72,2440.0,702.72,01/02/2014,2, February ,2014
Government,United States of America, Montana , Medium ,1282.0,5.0,20.0,25640.0," $2,051.20 ",23588.8,12820.0,10768.8,01/06/2014,6, June ,2014
Government,Canada, Paseo , Medium ,257.0,10.0,7.0,1799.0, $143.92 ,1655.08,1285.0,370.08,01/05/2014,5, May ,2014
Government,United States of America, Amarilla , Medium ,1282.0,260.0,20.0,25640.0," $2,051.20 ",23588.8,12820.0,10768.8,01/06/2014,6, June ,2014
Enterprise,Mexico, Carretera , Medium ,1540.0,3.0,125.0,192500.0," $15,400.00 ",177100.0,184800.0,,01/08/2014,8, August ,2014
Midmarket,France, Carretera , Medium ,490.0,3.0,15.0,7350.0, $588.00 ,6762.0,4900.0,1862.0,01/11/2014,11, November ,2014
Government,Mexico, Carretera , Medium ,1362.0,3.0,350.0,476700.0," $38,136.00 ",438564.0,354120.0,84444.0,01/12/2014,12, December ,2014
Midmarket,France, Montana , Medium ,2501.0,5.0,15.0,37515.0," $3,001.20 ",34513.8,25010.0,9503.8,01/03/2014,3, March ,2014
Government,Canada, Montana , Medium ,708.0,5.0,20.0,14160.0," $1,132.80 ",13027.2,7080.0,5947.2,01/06/2014,6, June ,2014
Government,Germany, Montana , Medium ,645.0,5.0,20.0,12900.0," $1,032.00 ",11868.0,6450.0,5418.0,01/07/2014,7, July ,2014
Small Business,France, Montana , Medium ,1562.0,5.0,300.0,468600.0," $37,488.00 ",431112.0,390500.0,40612.0,01/08/2014,8, August ,2014
Small Business,Canada, Montana , Medium ,1283.0,5.0,300.0,384900.0," $30,792.00 ",354108.0,320750.0,33358.0,01/09/2013,9, September ,2013
Midmarket,Germany, Montana , Medium ,711.0,5.0,15.0,10665.0, $853.20 ,9811.8,7110.0,2701.8,01/12/2014,12, December ,2014
Enterprise,Mexico, Paseo , Medium ,1114.0,10.0,125.0,139250.0," $11,140.00 ",128110.0,133680.0,,01/03/2014,3, March ,2014
Government,Germany, Paseo , Medium ,1259.0,10.0,7.0,8813.0, $705.04 ,8107.96,6295.0,1812.96,01/04/2014,4, April ,2014
Government,Germany, Paseo , Medium ,1095.0,10.0,7.0,7665.0, $613.20 ,7051.8,5475.0,1576.8,01/05/2014,5, May ,2014
Government,Germany, Paseo , Medium ,1366.0,10.0,20.0,27320.0," $2,185.60 ",25134.4,13660.0,11474.4,01/06/2014,6, June ,2014
Small Business,Mexico, Paseo , Medium ,2460.0,10.0,300.0,738000.0," $59,040.00 ",678960.0,615000.0,63960.0,01/06/2014,6, June ,2014
Government,United States of America, Paseo , Medium ,678.0,10.0,7.0,4746.0, $379.68 ,4366.32,3390.0,976.32,01/08/2014,8, August ,2014
Government,Germany, Paseo , Medium ,1598.0,10.0,7.0,11186.0, $894.88 ,10291.12,7990.0,2301.12,01/08/2014,8, August ,2014
Government,Germany, Paseo , Medium ,2409.0,10.0,7.0,16863.0," $1,349.04 ",15513.96,12045.0,3468.96,01/09/2013,9, September ,2013
Government,Germany, Paseo , Medium ,1934.0,10.0,20.0,38680.0," $3,094.40 ",35585.6,19340.0,16245.6,01/09/2014,9, September ,2014
Government,Mexico, Paseo , Medium ,2993.0,10.0,20.0,59860.0," $4,788.80 ",55071.2,29930.0,25141.2,01/09/2014,9, September ,2014
Government,Germany, Paseo , Medium ,2146.0,10.0,350.0,751100.0," $60,088.00 ",691012.0,557960.0,133052.0,01/11/2013,11, November ,2013
Government,Mexico, Paseo , Medium ,1946.0,10.0,7.0,13622.0," $1,089.76 ",12532.24,9730.0,2802.24,01/12/2013,12, December ,2013
Government,Mexico, Paseo , Medium ,1362.0,10.0,350.0,476700.0," $38,136.00 ",438564.0,354120.0,84444.0,01/12/2014,12, December ,2014
Channel Partners,Canada, Velo , Medium ,598.0,120.0,12.0,7176.0, $574.08 ,6601.92,1794.0,4807.92,01/03/2014,3, March ,2014
Government,United States of America, Velo , Medium ,2907.0,120.0,7.0,20349.0," $1,627.92 ",18721.08,14535.0,4186.08,01/06/2014,6, June ,2014
Government,Germany, Velo , Medium ,2338.0,120.0,7.0,16366.0," $1,309.28 ",15056.72,11690.0,3366.72,01/06/2014,6, June ,2014
Small Business,France, Velo , Medium ,386.0,120.0,300.0,115800.0," $9,264.00 ",106536.0,96500.0,10036.0,01/11/2013,11, November ,2013
Small Business,Mexico, Velo , Medium ,635.0,120.0,300.0,190500.0," $15,240.00 ",175260.0,158750.0,16510.0,01/12/2014,12, December ,2014
Government,France, VTT , Medium ,574.5,250.0,350.0,201075.0," $16,086.00 ",184989.0,149370.0,35619.0,01/04/2014,4, April ,2014
Government,Germany, VTT , Medium ,2338.0,250.0,7.0,16366.0," $1,309.28 ",15056.72,11690.0,3366.72,01/06/2014,6, June ,2014
Government,France, VTT , Medium ,381.0,250.0,350.0,133350.0," $10,668.00 ",122682.0,99060.0,23622.0,01/08/2014,8, August ,2014
Government,Germany, VTT , Medium ,422.0,250.0,350.0,147700.0," $11,816.00 ",135884.0,109720.0,26164.0,01/08/2014,8, August ,2014
Small Business,Canada, VTT , Medium ,2134.0,250.0,300.0,640200.0," $51,216.00 ",588984.0,533500.0,55484.0,01/09/2014,9, September ,2014
Small Business,United States of America, VTT , Medium ,808.0,250.0,300.0,242400.0," $19,392.00 ",223008.0,202000.0,21008.0,01/12/2013,12, December ,2013
Government,Canada, Amarilla , Medium ,708.0,260.0,20.0,14160.0," $1,132.80 ",13027.2,7080.0,5947.2,01/06/2014,6, June ,2014
Government,United States of America, Amarilla , Medium ,2907.0,260.0,7.0,20349.0," $1,627.92 ",18721.08,14535.0,4186.08,01/06/2014,6, June ,2014
Government,Germany, Amarilla , Medium ,1366.0,260.0,20.0,27320.0," $2,185.60 ",25134.4,13660.0,11474.4,01/06/2014,6, June ,2014
Small Business,Mexico, Amarilla , Medium ,2460.0,260.0,300.0,738000.0," $59,040.00 ",678960.0,615000.0,63960.0,01/06/2014,6, June ,2014
Government,Germany, Amarilla , Medium ,1520.0,260.0,20.0,30400.0," $2,432.00 ",27968.0,15200.0,12768.0,01/11/2014,11, November ,2014
Midmarket,Germany, Amarilla , Medium ,711.0,260.0,15.0,10665.0, $853.20 ,9811.8,7110.0,2701.8,01/12/2014,12, December ,2014
Channel Partners,Mexico, Amarilla , Medium ,1375.0,260.0,12.0,16500.0," $1,320.00 ",15180.0,4125.0,11055.0,01/12/2013,12, December ,2013
Small Business,Mexico, Amarilla , Medium ,635.0,260.0,300.0,190500.0," $15,240.00 ",175260.0,158750.0,16510.0,01/12/2014,12, December ,2014
Government,United States of America, VTT , Medium ,436.5,250.0,20.0,8730.0, $698.40 ,8031.6,4365.0,3666.6,01/07/2014,7, July ,2014
Small Business,Canada, Carretera , Medium ,1094.0,3.0,300.0,328200.0," $29,538.00 ",298662.0,273500.0,25162.0,01/06/2014,6, June ,2014
Channel Partners,Mexico, Carretera , Medium ,367.0,3.0,12.0,4404.0, $396.36 ,4007.64,1101.0,2906.64,01/10/2013,10, October ,2013
Small Business,Canada, Montana , Medium ,3802.5,5.0,300.0,1140750.0," $1,02,667.50 ",1038082.5,950625.0,87457.5,01/04/2014,4, April ,2014
Government,France, Montana , Medium ,1666.0,5.0,350.0,583100.0," $52,479.00 ",530621.0,433160.0,97461.0,01/05/2014,5, May ,2014
Small Business,France, Montana , Medium ,322.0,5.0,300.0,96600.0," $8,694.00 ",87906.0,80500.0,7406.0,01/09/2013,9, September ,2013
Channel Partners,Canada, Montana , Medium ,2321.0,5.0,12.0,27852.0," $2,506.68 ",25345.32,6963.0,18382.32,01/11/2014,11, November ,2014
Enterprise,France, Montana , Medium ,1857.0,5.0,125.0,232125.0," $20,891.25 ",211233.75,222840.0,,01/11/2013,11, November ,2013
Government,Canada, Montana , Medium ,1611.0,5.0,7.0,11277.0," $1,014.93 ",10262.07,8055.0,2207.07,01/12/2013,12, December ,2013
Enterprise,United States of America, Montana , Medium ,2797.0,5.0,125.0,349625.0," $31,466.25 ",318158.75,335640.0,,01/12/2014,12, December ,2014
Small Business,Germany, Montana , Medium ,334.0,5.0,300.0,100200.0," $9,018.00 ",91182.0,83500.0,7682.0,01/12/2013,12, December ,2013
Small Business,Mexico, Paseo , Medium ,2565.0,10.0,300.0,769500.0," $69,255.00 ",700245.0,641250.0,58995.0,01/01/2014,1, January ,2014
Government,Mexico, Paseo , Medium ,2417.0,10.0,350.0,845950.0," $76,135.50 ",769814.5,628420.0,141394.5,01/01/2014,1, January ,2014
Midmarket,United States of America, Paseo , Medium ,3675.0,10.0,15.0,55125.0," $4,961.25 ",50163.75,36750.0,13413.75,01/04/2014,4, April ,2014
Small Business,Canada, Paseo , Medium ,1094.0,10.0,300.0,328200.0," $29,538.00 ",298662.0,273500.0,25162.0,01/06/2014,6, June ,2014
Midmarket,France, Paseo , Medium ,1227.0,10.0,15.0,18405.0," $1,656.45 ",16748.55,12270.0,4478.55,01/10/2014,10, October ,2014
Channel Partners,Mexico, Paseo , Medium ,367.0,10.0,12.0,4404.0, $396.36 ,4007.64,1101.0,2906.64,01/10/2013,10, October ,2013
Small Business,France, Paseo , Medium ,1324.0,10.0,300.0,397200.0," $35,748.00 ",361452.0,331000.0,30452.0,01/11/2014,11, November ,2014
Channel Partners,Germany, Paseo , Medium ,1775.0,10.0,12.0,21300.0," $1,917.00 ",19383.0,5325.0,14058.0,01/11/2013,11, November ,2013
Enterprise,United States of America, Paseo , Medium ,2797.0,10.0,125.0,349625.0," $31,466.25 ",318158.75,335640.0,,01/12/2014,12, December ,2014
Midmarket,Mexico, Velo , Medium ,245.0,120.0,15.0,3675.0, $330.75 ,3344.25,2450.0,894.25,01/05/2014,5, May ,2014
Small Business,Canada, Velo , Medium ,3793.5,120.0,300.0,1138050.0," $1,02,424.50 ",1035625.5,948375.0,87250.5,01/07/2014,7, July ,2014
Government,Germany, Velo , Medium ,1307.0,120.0,350.0,457450.0," $41,170.50 ",416279.5,339820.0,76459.5,01/07/2014,7, July ,2014
Enterprise,Canada, Velo , Medium ,567.0,120.0,125.0,70875.0," $6,378.75 ",64496.25,68040.0,,01/09/2014,9, September ,2014
Enterprise,Mexico, Velo , Medium ,2110.0,120.0,125.0,263750.0," $23,737.50 ",240012.5,253200.0,,01/09/2014,9, September ,2014
Government,Canada, Velo , Medium ,1269.0,120.0,350.0,444150.0," $39,973.50 ",404176.5,329940.0,74236.5,01/10/2014,10, October ,2014
Channel Partners,United States of America, VTT , Medium ,1956.0,250.0,12.0,23472.0," $2,112.48 ",21359.52,5868.0,15491.52,01/01/2014,1, January ,2014
Small Business,Germany, VTT , Medium ,2659.0,250.0,300.0,797700.0," $71,793.00 ",725907.0,664750.0,61157.0,01/02/2014,2, February ,2014
Government,United States of America, VTT , Medium ,1351.5,250.0,350.0,473025.0," $42,572.25 ",430452.75,351390.0,79062.75,01/04/2014,4, April ,2014
Channel Partners,Germany, VTT , Medium ,880.0,250.0,12.0,10560.0, $950.40 ,9609.6,2640.0,6969.6,01/05/2014,5, May ,2014
Small Business,United States of America, VTT , Medium ,1867.0,250.0,300.0,560100.0," $50,409.00 ",509691.0,466750.0,42941.0,01/09/2014,9, September ,2014
Channel Partners,France, VTT , Medium ,2234.0,250.0,12.0,26808.0," $2,412.72 ",24395.28,6702.0,17693.28,01/09/2013,9, September ,2013
Midmarket,France, VTT , Medium ,1227.0,250.0,15.0,18405.0," $1,656.45 ",16748.55,12270.0,4478.55,01/10/2014,10, October ,2014
Enterprise,Mexico, VTT , Medium ,877.0,250.0,125.0,109625.0," $9,866.25 ",99758.75,105240.0,,01/11/2014,11, November ,2014
Government,United States of America, Amarilla , Medium ,2071.0,260.0,350.0,724850.0," $65,236.50 ",659613.5,538460.0,121153.5,01/09/2014,9, September ,2014
Government,Canada, Amarilla , Medium ,1269.0,260.0,350.0,444150.0," $39,973.50 ",404176.5,329940.0,74236.5,01/10/2014,10, October ,2014
Midmarket,Germany, Amarilla , Medium ,970.0,260.0,15.0,14550.0," $1,309.50 ",13240.5,9700.0,3540.5,01/11/2013,11, November ,2013
Government,Mexico, Amarilla , Medium ,1694.0,260.0,20.0,33880.0," $3,049.20 ",30830.8,16940.0,13890.8,01/11/2014,11, November ,2014
Government,Germany, Carretera , Medium ,663.0,3.0,20.0,13260.0," $1,193.40 ",12066.6,6630.0,5436.6,01/05/2014,5, May ,2014
Government,Canada, Carretera , Medium ,819.0,3.0,7.0,5733.0, $515.97 ,5217.03,4095.0,1122.03,01/07/2014,7, July ,2014
Channel Partners,Germany, Carretera , Medium ,1580.0,3.0,12.0,18960.0," $1,706.40 ",17253.6,4740.0,12513.6,01/09/2014,9, September ,2014
Government,Mexico, Carretera , Medium ,521.0,3.0,7.0,3647.0, $328.23 ,3318.77,2605.0,713.77,01/12/2014,12, December ,2014
Government,United States of America, Paseo , Medium ,973.0,10.0,20.0,19460.0," $1,751.40 ",17708.6,9730.0,7978.6,01/03/2014,3, March ,2014
Government,Mexico, Paseo , Medium ,1038.0,10.0,20.0,20760.0," $1,868.40 ",18891.6,10380.0,8511.6,01/06/2014,6, June ,2014
Government,Germany, Paseo , Medium ,360.0,10.0,7.0,2520.0, $226.80 ,2293.2,1800.0,493.2,01/10/2014,10, October ,2014
Channel Partners,France, Velo , Medium ,1967.0,120.0,12.0,23604.0," $2,124.36 ",21479.64,5901.0,15578.64,01/03/2014,3, March ,2014
Midmarket,Mexico, Velo , Medium ,2628.0,120.0,15.0,39420.0," $3,547.80 ",35872.2,26280.0,9592.2,01/04/2014,4, April ,2014
Government,Germany, VTT , Medium ,360.0,250.0,7.0,2520.0, $226.80 ,2293.2,1800.0,493.2,01/10/2014,10, October ,2014
Government,France, VTT , Medium ,2682.0,250.0,20.0,53640.0," $4,827.60 ",48812.4,26820.0,21992.4,01/11/2013,11, November ,2013
Government,Mexico, VTT , Medium ,521.0,250.0,7.0,3647.0, $328.23 ,3318.77,2605.0,713.77,01/12/2014,12, December ,2014
Government,Mexico, Amarilla , Medium ,1038.0,260.0,20.0,20760.0," $1,868.40 ",18891.6,10380.0,8511.6,01/06/2014,6, June ,2014
Midmarket,Canada, Amarilla , Medium ,1630.5,260.0,15.0,24457.5," $2,201.18 ",22256.33,16305.0,5951.33,01/07/2014,7, July ,2014
Channel Partners,France, Amarilla , Medium ,306.0,260.0,12.0,3672.0, $330.48 ,3341.52,918.0,2423.52,01/12/2013,12, December ,2013
Channel Partners,United States of America, Carretera , High ,386.0,3.0,12.0,4632.0, $463.20 ,4168.8,1158.0,3010.8,01/10/2013,10, October ,2013
Government,United States of America, Montana , High ,2328.0,5.0,7.0,16296.0," $1,629.60 ",14666.4,11640.0,3026.4,01/09/2014,9, September ,2014
Channel Partners,United States of America, Paseo , High ,386.0,10.0,12.0,4632.0, $463.20 ,4168.8,1158.0,3010.8,01/10/2013,10, October ,2013
Enterprise,United States of America, Carretera , High ,3445.5,3.0,125.0,430687.5," $43,068.75 ",387618.75,413460.0,,01/04/2014,4, April ,2014
Enterprise,France, Carretera , High ,1482.0,3.0,125.0,185250.0," $18,525.00 ",166725.0,177840.0,,01/12/2013,12, December ,2013
Government,United States of America, Montana , High ,2313.0,5.0,350.0,809550.0," $80,955.00 ",728595.0,601380.0,127215.0,01/05/2014,5, May ,2014
Enterprise,United States of America, Montana , High ,1804.0,5.0,125.0,225500.0," $22,550.00 ",202950.0,216480.0,,01/11/2013,11, November ,2013
Midmarket,France, Montana , High ,2072.0,5.0,15.0,31080.0," $3,108.00 ",27972.0,20720.0,7252.0,01/12/2014,12, December ,2014
Government,France, Paseo , High ,1954.0,10.0,20.0,39080.0," $3,908.00 ",35172.0,19540.0,15632.0,01/03/2014,3, March ,2014
Small Business,Mexico, Paseo , High ,591.0,10.0,300.0,177300.0," $17,730.00 ",159570.0,147750.0,11820.0,01/05/2014,5, May ,2014
Midmarket,France, Paseo , High ,2167.0,10.0,15.0,32505.0," $3,250.50 ",29254.5,21670.0,7584.5,01/10/2013,10, October ,2013
Government,Germany, Paseo , High ,241.0,10.0,20.0,4820.0, $482.00 ,4338.0,2410.0,1928.0,01/10/2014,10, October ,2014
Midmarket,Germany, Velo , High ,681.0,120.0,15.0,10215.0," $1,021.50 ",9193.5,6810.0,2383.5,01/01/2014,1, January ,2014
Midmarket,Germany, Velo , High ,510.0,120.0,15.0,7650.0, $765.00 ,6885.0,5100.0,1785.0,01/04/2014,4, April ,2014
Midmarket,United States of America, Velo , High ,790.0,120.0,15.0,11850.0," $1,185.00 ",10665.0,7900.0,2765.0,01/05/2014,5, May ,2014
Government,France, Velo , High ,639.0,120.0,350.0,223650.0," $22,365.00 ",201285.0,166140.0,35145.0,01/07/2014,7, July ,2014
Enterprise,United States of America, Velo , High ,1596.0,120.0,125.0,199500.0," $19,950.00 ",179550.0,191520.0,,01/09/2014,9, September ,2014
Small Business,United States of America, Velo , High ,2294.0,120.0,300.0,688200.0," $68,820.00 ",619380.0,573500.0,45880.0,01/10/2013,10, October ,2013
Government,Germany, Velo , High ,241.0,120.0,20.0,4820.0, $482.00 ,4338.0,2410.0,1928.0,01/10/2014,10, October ,2014
Government,Germany, Velo , High ,2665.0,120.0,7.0,18655.0," $1,865.50 ",16789.5,13325.0,3464.5,01/11/2014,11, November ,2014
Enterprise,Canada, Velo , High ,1916.0,120.0,125.0,239500.0," $23,950.00 ",215550.0,229920.0,,01/12/2013,12, December ,2013
Small Business,France, Velo , High ,853.0,120.0,300.0,255900.0," $25,590.00 ",230310.0,213250.0,17060.0,01/12/2014,12, December ,2014
Enterprise,Mexico, VTT , High ,341.0,250.0,125.0,42625.0," $4,262.50 ",38362.5,40920.0,,01/05/2014,5, May ,2014
Midmarket,Mexico, VTT , High ,641.0,250.0,15.0,9615.0, $961.50 ,8653.5,6410.0,2243.5,01/07/2014,7, July ,2014
Government,United States of America, VTT , High ,2807.0,250.0,350.0,982450.0," $98,245.00 ",884205.0,729820.0,154385.0,01/08/2014,8, August ,2014
Small Business,Mexico, VTT , High ,432.0,250.0,300.0,129600.0," $12,960.00 ",116640.0,108000.0,8640.0,01/09/2014,9, September ,2014
Small Business,United States of America, VTT , High ,2294.0,250.0,300.0,688200.0," $68,820.00 ",619380.0,573500.0,45880.0,01/10/2013,10, October ,2013
Midmarket,France, VTT , High ,2167.0,250.0,15.0,32505.0," $3,250.50 ",29254.5,21670.0,7584.5,01/10/2013,10, October ,2013
Enterprise,Canada, VTT , High ,2529.0,250.0,125.0,316125.0," $31,612.50 ",284512.5,303480.0,,01/11/2014,11, November ,2014
Government,Germany, VTT , High ,1870.0,250.0,350.0,654500.0," $65,450.00 ",589050.0,486200.0,102850.0,01/12/2013,12, December ,2013
Enterprise,United States of America, Amarilla , High ,579.0,260.0,125.0,72375.0," $7,237.50 ",65137.5,69480.0,,01/01/2014,1, January ,2014
Government,Canada, Amarilla , High ,2240.0,260.0,350.0,784000.0," $78,400.00 ",705600.0,582400.0,123200.0,01/02/2014,2, February ,2014
Small Business,United States of America, Amarilla , High ,2993.0,260.0,300.0,897900.0," $89,790.00 ",808110.0,748250.0,59860.0,01/03/2014,3, March ,2014
Channel Partners,Canada, Amarilla , High ,3520.5,260.0,12.0,42246.0," $4,224.60 ",38021.4,10561.5,27459.9,01/04/2014,4, April ,2014
Government,Mexico, Amarilla , High ,2039.0,260.0,20.0,40780.0," $4,078.00 ",36702.0,20390.0,16312.0,01/05/2014,5, May ,2014
Channel Partners,Germany, Amarilla , High ,2574.0,260.0,12.0,30888.0," $3,088.80 ",27799.2,7722.0,20077.2,01/08/2014,8, August ,2014
Government,Canada, Amarilla , High ,707.0,260.0,350.0,247450.0," $24,745.00 ",222705.0,183820.0,38885.0,01/09/2014,9, September ,2014
Midmarket,France, Amarilla , High ,2072.0,260.0,15.0,31080.0," $3,108.00 ",27972.0,20720.0,7252.0,01/12/2014,12, December ,2014
Small Business,France, Amarilla , High ,853.0,260.0,300.0,255900.0," $25,590.00 ",230310.0,213250.0,17060.0,01/12/2014,12, December ,2014
Channel Partners,France, Carretera , High ,1198.0,3.0,12.0,14376.0," $1,581.36 ",12794.64,3594.0,9200.64,01/10/2013,10, October ,2013
Government,France, Paseo , High ,2532.0,10.0,7.0,17724.0," $1,949.64 ",15774.36,12660.0,3114.36,01/04/2014,4, April ,2014
Channel Partners,France, Paseo , High ,1198.0,10.0,12.0,14376.0," $1,581.36 ",12794.64,3594.0,9200.64,01/10/2013,10, October ,2013
Midmarket,Canada, Velo , High ,384.0,120.0,15.0,5760.0, $633.60 ,5126.4,3840.0,1286.4,01/01/2014,1, January ,2014
Channel Partners,Germany, Velo , High ,472.0,120.0,12.0,5664.0, $623.04 ,5040.96,1416.0,3624.96,01/10/2014,10, October ,2014
Government,United States of America, VTT , High ,1579.0,250.0,7.0,11053.0," $1,215.83 ",9837.17,7895.0,1942.17,01/03/2014,3, March ,2014
Channel Partners,Mexico, VTT , High ,1005.0,250.0,12.0,12060.0," $1,326.60 ",10733.4,3015.0,7718.4,01/09/2013,9, September ,2013
Midmarket,United States of America, Amarilla , High ,3199.5,260.0,15.0,47992.5," $5,279.18 ",42713.33,31995.0,10718.33,01/07/2014,7, July ,2014
Channel Partners,Germany, Amarilla , High ,472.0,260.0,12.0,5664.0, $623.04 ,5040.96,1416.0,3624.96,01/10/2014,10, October ,2014
Channel Partners,Canada, Carretera , High ,1937.0,3.0,12.0,23244.0," $2,556.84 ",20687.16,5811.0,14876.16,01/02/2014,2, February ,2014
Government,Germany, Carretera , High ,792.0,3.0,350.0,277200.0," $30,492.00 ",246708.0,205920.0,40788.0,01/03/2014,3, March ,2014
Small Business,Germany, Carretera , High ,2811.0,3.0,300.0,843300.0," $92,763.00 ",750537.0,702750.0,47787.0,01/07/2014,7, July ,2014
Enterprise,France, Carretera , High ,2441.0,3.0,125.0,305125.0," $33,563.75 ",271561.25,292920.0,,01/10/2014,10, October ,2014
Midmarket,Canada, Carretera , High ,1560.0,3.0,15.0,23400.0," $2,574.00 ",20826.0,15600.0,5226.0,01/11/2013,11, November ,2013
Government,Mexico, Carretera , High ,2706.0,3.0,7.0,18942.0," $2,083.62 ",16858.38,13530.0,3328.38,01/11/2013,11, November ,2013
Government,Germany, Montana , High ,766.0,5.0,350.0,268100.0," $29,491.00 ",238609.0,199160.0,39449.0,01/01/2014,1, January ,2014
Government,Germany, Montana , High ,2992.0,5.0,20.0,59840.0," $6,582.40 ",53257.6,29920.0,23337.6,01/10/2013,10, October ,2013
Midmarket,Mexico, Montana , High ,2157.0,5.0,15.0,32355.0," $3,559.05 ",28795.95,21570.0,7225.95,01/12/2014,12, December ,2014
Small Business,Canada, Paseo , High ,873.0,10.0,300.0,261900.0," $28,809.00 ",233091.0,218250.0,14841.0,01/01/2014,1, January ,2014
Government,Mexico, Paseo , High ,1122.0,10.0,20.0,22440.0," $2,468.40 ",19971.6,11220.0,8751.6,01/03/2014,3, March ,2014
Government,Canada, Paseo , High ,2104.5,10.0,350.0,736575.0," $81,023.25 ",655551.75,547170.0,108381.75,01/07/2014,7, July ,2014
Channel Partners,Canada, Paseo , High ,4026.0,10.0,12.0,48312.0," $5,314.32 ",42997.68,12078.0,30919.68,01/07/2014,7, July ,2014
Channel Partners,France, Paseo , High ,2425.5,10.0,12.0,29106.0," $3,201.66 ",25904.34,7276.5,18627.84,01/07/2014,7, July ,2014
Government,Canada, Paseo , High ,2394.0,10.0,20.0,47880.0," $5,266.80 ",42613.2,23940.0,18673.2,01/08/2014,8, August ,2014
Midmarket,Mexico, Paseo , High ,1984.0,10.0,15.0,29760.0," $3,273.60 ",26486.4,19840.0,6646.4,01/08/2014,8, August ,2014
Enterprise,France, Paseo , High ,2441.0,10.0,125.0,305125.0," $33,563.75 ",271561.25,292920.0,,01/10/2014,10, October ,2014
Government,Germany, Paseo , High ,2992.0,10.0,20.0,59840.0," $6,582.40 ",53257.6,29920.0,23337.6,01/10/2013,10, October ,2013
Small Business,Canada, Paseo , High ,1366.0,10.0,300.0,409800.0," $45,078.00 ",364722.0,341500.0,23222.0,01/11/2014,11, November ,2014
Government,France, Velo , High ,2805.0,120.0,20.0,56100.0," $6,171.00 ",49929.0,28050.0,21879.0,01/09/2013,9, September ,2013
Midmarket,Mexico, Velo , High ,655.0,120.0,15.0,9825.0," $1,080.75 ",8744.25,6550.0,2194.25,01/09/2013,9, September ,2013
Government,Mexico, Velo , High ,344.0,120.0,350.0,120400.0," $13,244.00 ",107156.0,89440.0,17716.0,01/10/2013,10, October ,2013
Government,Canada, Velo , High ,1808.0,120.0,7.0,12656.0," $1,392.16 ",11263.84,9040.0,2223.84,01/11/2014,11, November ,2014
Channel Partners,France, VTT , High ,1734.0,250.0,12.0,20808.0," $2,288.88 ",18519.12,5202.0,13317.12,01/01/2014,1, January ,2014
Enterprise,Mexico, VTT , High ,554.0,250.0,125.0,69250.0," $7,617.50 ",61632.5,66480.0,,01/01/2014,1, January ,2014
Government,Canada, VTT , High ,2935.0,250.0,20.0,58700.0," $6,457.00 ",52243.0,29350.0,22893.0,01/11/2013,11, November ,2013
Enterprise,Germany, Amarilla , High ,3165.0,260.0,125.0,395625.0," $43,518.75 ",352106.25,379800.0,,01/01/2014,1, January ,2014
Government,Mexico, Amarilla , High ,2629.0,260.0,20.0,52580.0," $5,783.80 ",46796.2,26290.0,20506.2,01/01/2014,1, January ,2014
Enterprise,France, Amarilla , High ,1433.0,260.0,125.0,179125.0," $19,703.75 ",159421.25,171960.0,,01/05/2014,5, May ,2014
Enterprise,Mexico, Amarilla , High ,947.0,260.0,125.0,118375.0," $13,021.25 ",105353.75,113640.0,,01/09/2013,9, September ,2013
Government,Mexico, Amarilla , High ,344.0,260.0,350.0,120400.0," $13,244.00 ",107156.0,89440.0,17716.0,01/10/2013,10, October ,2013
Midmarket,Mexico, Amarilla , High ,2157.0,260.0,15.0,32355.0," $3,559.05 ",28795.95,21570.0,7225.95,01/12/2014,12, December ,2014
Government,United States of America, Paseo , High ,380.0,10.0,7.0,2660.0, $292.60 ,2367.4,1900.0,467.4,01/09/2013,9, September ,2013
Government,Mexico, Carretera , High ,886.0,3.0,350.0,310100.0," $37,212.00 ",272888.0,230360.0,42528.0,01/06/2014,6, June ,2014
Enterprise,Canada, Carretera , High ,2416.0,3.0,125.0,302000.0," $36,240.00 ",265760.0,289920.0,,01/09/2013,9, September ,2013
Enterprise,Mexico, Carretera , High ,2156.0,3.0,125.0,269500.0," $32,340.00 ",237160.0,258720.0,,01/10/2014,10, October ,2014
Midmarket,Canada, Carretera , High ,2689.0,3.0,15.0,40335.0," $4,840.20 ",35494.8,26890.0,8604.8,01/11/2014,11, November ,2014
Midmarket,United States of America, Montana , High ,677.0,5.0,15.0,10155.0," $1,218.60 ",8936.4,6770.0,2166.4,01/03/2014,3, March ,2014
Small Business,France, Montana , High ,1773.0,5.0,300.0,531900.0," $63,828.00 ",468072.0,443250.0,24822.0,01/04/2014,4, April ,2014
Government,Mexico, Montana , High ,2420.0,5.0,7.0,16940.0," $2,032.80 ",14907.2,12100.0,2807.2,01/09/2014,9, September ,2014
Government,Canada, Montana , High ,2734.0,5.0,7.0,19138.0," $2,296.56 ",16841.44,13670.0,3171.44,01/10/2014,10, October ,2014
Government,Mexico, Montana , High ,1715.0,5.0,20.0,34300.0," $4,116.00 ",30184.0,17150.0,13034.0,01/10/2013,10, October ,2013
Small Business,France, Montana , High ,1186.0,5.0,300.0,355800.0," $42,696.00 ",313104.0,296500.0,16604.0,01/12/2013,12, December ,2013
Small Business,United States of America, Paseo , High ,3495.0,10.0,300.0,1048500.0," $1,25,820.00 ",922680.0,873750.0,48930.0,01/01/2014,1, January ,2014
Government,Mexico, Paseo , High ,886.0,10.0,350.0,310100.0," $37,212.00 ",272888.0,230360.0,42528.0,01/06/2014,6, June ,2014
Enterprise,Mexico, Paseo , High ,2156.0,10.0,125.0,269500.0," $32,340.00 ",237160.0,258720.0,,01/10/2014,10, October ,2014
Government,Mexico, Paseo , High ,905.0,10.0,20.0,18100.0," $2,172.00 ",15928.0,9050.0,6878.0,01/10/2014,10, October ,2014
Government,Mexico, Paseo , High ,1715.0,10.0,20.0,34300.0," $4,116.00 ",30184.0,17150.0,13034.0,01/10/2013,10, October ,2013
Government,France, Paseo , High ,1594.0,10.0,350.0,557900.0," $66,948.00 ",490952.0,414440.0,76512.0,01/11/2014,11, November ,2014
Small Business,Germany, Paseo , High ,1359.0,10.0,300.0,407700.0," $48,924.00 ",358776.0,339750.0,19026.0,01/11/2014,11, November ,2014
Small Business,Mexico, Paseo , High ,2150.0,10.0,300.0,645000.0," $77,400.00 ",567600.0,537500.0,30100.0,01/11/2014,11, November ,2014
Government,Mexico, Paseo , High ,1197.0,10.0,350.0,418950.0," $50,274.00 ",368676.0,311220.0,57456.0,01/11/2014,11, November ,2014
Midmarket,Mexico, Paseo , High ,380.0,10.0,15.0,5700.0, $684.00 ,5016.0,3800.0,1216.0,01/12/2013,12, December ,2013
Government,Mexico, Paseo , High ,1233.0,10.0,20.0,24660.0," $2,959.20 ",21700.8,12330.0,9370.8,01/12/2014,12, December ,2014
Government,Mexico, Velo , High ,1395.0,120.0,350.0,488250.0," $58,590.00 ",429660.0,362700.0,66960.0,01/07/2014,7, July ,2014
Government,United States of America, Velo , High ,986.0,120.0,350.0,345100.0," $41,412.00 ",303688.0,256360.0,47328.0,01/10/2014,10, October ,2014
Government,Mexico, Velo , High ,905.0,120.0,20.0,18100.0," $2,172.00 ",15928.0,9050.0,6878.0,01/10/2014,10, October ,2014
Channel Partners,Canada, VTT , High ,2109.0,250.0,12.0,25308.0," $3,036.96 ",22271.04,6327.0,15944.04,01/05/2014,5, May ,2014
Midmarket,France, VTT , High ,3874.5,250.0,15.0,58117.5," $6,974.10 ",51143.4,38745.0,12398.4,01/07/2014,7, July ,2014
Government,Canada, VTT , High ,623.0,250.0,350.0,218050.0," $26,166.00 ",191884.0,161980.0,29904.0,01/09/2013,9, September ,2013
Government,United States of America, VTT , High ,986.0,250.0,350.0,345100.0," $41,412.00 ",303688.0,256360.0,47328.0,01/10/2014,10, October ,2014
Enterprise,United States of America, VTT , High ,2387.0,250.0,125.0,298375.0," $35,805.00 ",262570.0,286440.0,,01/11/2014,11, November ,2014
Government,Mexico, VTT , High ,1233.0,250.0,20.0,24660.0," $2,959.20 ",21700.8,12330.0,9370.8,01/12/2014,12, December ,2014
Government,United States of America, Amarilla , High ,270.0,260.0,350.0,94500.0," $11,340.00 ",83160.0,70200.0,12960.0,01/02/2014,2, February ,2014
Government,France, Amarilla , High ,3421.5,260.0,7.0,23950.5," $2,874.06 ",21076.44,17107.5,3968.94,01/07/2014,7, July ,2014
Government,Canada, Amarilla , High ,2734.0,260.0,7.0,19138.0," $2,296.56 ",16841.44,13670.0,3171.44,01/10/2014,10, October ,2014
Midmarket,United States of America, Amarilla , High ,2548.0,260.0,15.0,38220.0," $4,586.40 ",33633.6,25480.0,8153.6,01/11/2013,11, November ,2013
Government,France, Carretera , High ,2521.5,3.0,20.0,50430.0," $6,051.60 ",44378.4,25215.0,19163.4,01/01/2014,1, January ,2014
Channel Partners,Mexico, Montana , High ,2661.0,5.0,12.0,31932.0," $3,831.84 ",28100.16,7983.0,20117.16,01/05/2014,5, May ,2014
Government,Germany, Paseo , High ,1531.0,10.0,20.0,30620.0," $3,674.40 ",26945.6,15310.0,11635.6,01/12/2014,12, December ,2014
Government,France, VTT , High ,1491.0,250.0,7.0,10437.0," $1,252.44 ",9184.56,7455.0,1729.56,01/03/2014,3, March ,2014
Government,Germany, VTT , High ,1531.0,250.0,20.0,30620.0," $3,674.40 ",26945.6,15310.0,11635.6,01/12/2014,12, December ,2014
Channel Partners,Canada, Amarilla , High ,2761.0,260.0,12.0,33132.0," $3,975.84 ",29156.16,8283.0,20873.16,01/09/2013,9, September ,2013
Midmarket,United States of America, Carretera , High ,2567.0,3.0,15.0,38505.0," $5,005.65 ",33499.35,25670.0,7829.35,01/06/2014,6, June ,2014
Midmarket,United States of America, VTT , High ,2567.0,250.0,15.0,38505.0," $5,005.65 ",33499.35,25670.0,7829.35,01/06/2014,6, June ,2014
Government,Canada, Carretera , High ,923.0,3.0,350.0,323050.0," $41,996.50 ",281053.5,239980.0,41073.5,01/03/2014,3, March ,2014
Government,France, Carretera , High ,1790.0,3.0,350.0,626500.0," $81,445.00 ",545055.0,465400.0,79655.0,01/03/2014,3, March ,2014
Government,Germany, Carretera , High ,442.0,3.0,20.0,8840.0," $1,149.20 ",7690.8,4420.0,3270.8,01/09/2013,9, September ,2013
Government,United States of America, Montana , High ,982.5,5.0,350.0,343875.0," $44,703.75 ",299171.25,255450.0,43721.25,01/01/2014,1, January ,2014
Government,United States of America, Montana , High ,1298.0,5.0,7.0,9086.0," $1,181.18 ",7904.82,6490.0,1414.82,01/02/2014,2, February ,2014
Channel Partners,Mexico, Montana , High ,604.0,5.0,12.0,7248.0, $942.24 ,6305.76,1812.0,4493.76,01/06/2014,6, June ,2014
Government,Mexico, Montana , High ,2255.0,5.0,20.0,45100.0," $5,863.00 ",39237.0,22550.0,16687.0,01/07/2014,7, July ,2014
Government,Canada, Montana , High ,1249.0,5.0,20.0,24980.0," $3,247.40 ",21732.6,12490.0,9242.6,01/10/2014,10, October ,2014
Government,United States of America, Paseo , High ,1438.5,10.0,7.0,10069.5," $1,309.04 ",8760.47,7192.5,1567.97,01/01/2014,1, January ,2014
Small Business,Germany, Paseo , High ,807.0,10.0,300.0,242100.0," $31,473.00 ",210627.0,201750.0,8877.0,01/01/2014,1, January ,2014
Government,United States of America, Paseo , High ,2641.0,10.0,20.0,52820.0," $6,866.60 ",45953.4,26410.0,19543.4,01/02/2014,2, February ,2014
Government,Germany, Paseo , High ,2708.0,10.0,20.0,54160.0," $7,040.80 ",47119.2,27080.0,20039.2,01/02/2014,2, February ,2014
Government,Canada, Paseo , High ,2632.0,10.0,350.0,921200.0," $1,19,756.00 ",801444.0,684320.0,117124.0,01/06/2014,6, June ,2014
Enterprise,Canada, Paseo , High ,1583.0,10.0,125.0,197875.0," $25,723.75 ",172151.25,189960.0,,01/06/2014,6, June ,2014
Channel Partners,Mexico, Paseo , High ,571.0,10.0,12.0,6852.0, $890.76 ,5961.24,1713.0,4248.24,01/07/2014,7, July ,2014
Government,France, Paseo , High ,2696.0,10.0,7.0,18872.0," $2,453.36 ",16418.64,13480.0,2938.64,01/08/2014,8, August ,2014
Midmarket,Canada, Paseo , High ,1565.0,10.0,15.0,23475.0," $3,051.75 ",20423.25,15650.0,4773.25,01/10/2014,10, October ,2014
Government,Canada, Paseo , High ,1249.0,10.0,20.0,24980.0," $3,247.40 ",21732.6,12490.0,9242.6,01/10/2014,10, October ,2014
Government,Germany, Paseo , High ,357.0,10.0,350.0,124950.0," $16,243.50 ",108706.5,92820.0,15886.5,01/11/2014,11, November ,2014
Channel Partners,Germany, Paseo , High ,1013.0,10.0,12.0,12156.0," $1,580.28 ",10575.72,3039.0,7536.72,01/12/2014,12, December ,2014
Midmarket,France, Velo , High ,3997.5,120.0,15.0,59962.5," $7,795.13 ",52167.38,39975.0,12192.38,01/01/2014,1, January ,2014
Government,Canada, Velo , High ,2632.0,120.0,350.0,921200.0," $1,19,756.00 ",801444.0,684320.0,117124.0,01/06/2014,6, June ,2014
Government,France, Velo , High ,1190.0,120.0,7.0,8330.0," $1,082.90 ",7247.1,5950.0,1297.1,01/06/2014,6, June ,2014
Channel Partners,Mexico, Velo , High ,604.0,120.0,12.0,7248.0, $942.24 ,6305.76,1812.0,4493.76,01/06/2014,6, June ,2014
Midmarket,Germany, Velo , High ,660.0,120.0,15.0,9900.0," $1,287.00 ",8613.0,6600.0,2013.0,01/09/2013,9, September ,2013
Channel Partners,Mexico, Velo , High ,410.0,120.0,12.0,4920.0, $639.60 ,4280.4,1230.0,3050.4,01/10/2014,10, October ,2014
Small Business,Mexico, Velo , High ,2605.0,120.0,300.0,781500.0," $1,01,595.00 ",679905.0,651250.0,28655.0,01/11/2013,11, November ,2013
Channel Partners,Germany, Velo , High ,1013.0,120.0,12.0,12156.0," $1,580.28 ",10575.72,3039.0,7536.72,01/12/2014,12, December ,2014
Enterprise,Canada, VTT , High ,1583.0,250.0,125.0,197875.0," $25,723.75 ",172151.25,189960.0,,01/06/2014,6, June ,2014
Midmarket,Canada, VTT , High ,1565.0,250.0,15.0,23475.0," $3,051.75 ",20423.25,15650.0,4773.25,01/10/2014,10, October ,2014
Enterprise,Canada, Amarilla , High ,1659.0,260.0,125.0,207375.0," $26,958.75 ",180416.25,199080.0,,01/01/2014,1, January ,2014
Government,France, Amarilla , High ,1190.0,260.0,7.0,8330.0," $1,082.90 ",7247.1,5950.0,1297.1,01/06/2014,6, June ,2014
Channel Partners,Mexico, Amarilla , High ,410.0,260.0,12.0,4920.0, $639.60 ,4280.4,1230.0,3050.4,01/10/2014,10, October ,2014
Channel Partners,Germany, Amarilla , High ,1770.0,260.0,12.0,21240.0," $2,761.20 ",18478.8,5310.0,13168.8,01/12/2013,12, December ,2013
Government,Mexico, Carretera , High ,2579.0,3.0,20.0,51580.0," $7,221.20 ",44358.8,25790.0,18568.8,01/04/2014,4, April ,2014
Government,United States of America, Carretera , High ,1743.0,3.0,20.0,34860.0," $4,880.40 ",29979.6,17430.0,12549.6,01/05/2014,5, May ,2014
Government,United States of America, Carretera , High ,2996.0,3.0,7.0,20972.0," $2,936.08 ",18035.92,14980.0,3055.92,01/10/2013,10, October ,2013
Government,Germany, Carretera , High ,280.0,3.0,7.0,1960.0, $274.40 ,1685.6,1400.0,285.6,01/12/2014,12, December ,2014
Government,France, Montana , High ,293.0,5.0,7.0,2051.0, $287.14 ,1763.86,1465.0,298.86,01/02/2014,2, February ,2014
Government,United States of America, Montana , High ,2996.0,5.0,7.0,20972.0," $2,936.08 ",18035.92,14980.0,3055.92,01/10/2013,10, October ,2013
Midmarket,Germany, Paseo , High ,278.0,10.0,15.0,4170.0, $583.80 ,3586.2,2780.0,806.2,01/02/2014,2, February ,2014
Government,Canada, Paseo , High ,2428.0,10.0,20.0,48560.0," $6,798.40 ",41761.6,24280.0,17481.6,01/03/2014,3, March ,2014
Midmarket,United States of America, Paseo , High ,1767.0,10.0,15.0,26505.0," $3,710.70 ",22794.3,17670.0,5124.3,01/09/2014,9, September ,2014
Channel Partners,France, Paseo , High ,1393.0,10.0,12.0,16716.0," $2,340.24 ",14375.76,4179.0,10196.76,01/10/2014,10, October ,2014
Government,Germany, VTT , High ,280.0,250.0,7.0,1960.0, $274.40 ,1685.6,1400.0,285.6,01/12/2014,12, December ,2014
Channel Partners,France, Amarilla , High ,1393.0,260.0,12.0,16716.0," $2,340.24 ",14375.76,4179.0,10196.76,01/10/2014,10, October ,2014
Channel Partners,United States of America, Amarilla , High ,2015.0,260.0,12.0,24180.0," $3,385.20 ",20794.8,6045.0,14749.8,01/12/2013,12, December ,2013
Small Business,Mexico, Carretera , High ,801.0,3.0,300.0,240300.0," $33,642.00 ",206658.0,200250.0,6408.0,01/07/2014,7, July ,2014
Enterprise,France, Carretera , High ,1023.0,3.0,125.0,127875.0," $17,902.50 ",109972.5,122760.0,,01/09/2013,9, September ,2013
Small Business,Canada, Carretera , High ,1496.0,3.0,300.0,448800.0," $62,832.00 ",385968.0,374000.0,11968.0,01/10/2014,10, October ,2014
Small Business,United States of America, Carretera , High ,1010.0,3.0,300.0,303000.0," $42,420.00 ",260580.0,252500.0,8080.0,01/10/2014,10, October ,2014
Midmarket,Germany, Carretera , High ,1513.0,3.0,15.0,22695.0," $3,177.30 ",19517.7,15130.0,4387.7,01/11/2014,11, November ,2014
Midmarket,Canada, Carretera , High ,2300.0,3.0,15.0,34500.0," $4,830.00 ",29670.0,23000.0,6670.0,01/12/2014,12, December ,2014
Enterprise,Mexico, Carretera , High ,2821.0,3.0,125.0,352625.0," $49,367.50 ",303257.5,338520.0,,01/12/2013,12, December ,2013
Government,Canada, Montana , High ,2227.5,5.0,350.0,779625.0," $1,09,147.50 ",670477.5,579150.0,91327.5,01/01/2014,1, January ,2014
Government,Germany, Montana , High ,1199.0,5.0,350.0,419650.0," $58,751.00 ",360899.0,311740.0,49159.0,01/04/2014,4, April ,2014
Government,Canada, Montana , High ,200.0,5.0,350.0,70000.0," $9,800.00 ",60200.0,52000.0,8200.0,01/05/2014,5, May ,2014
Government,Canada, Montana , High ,388.0,5.0,7.0,2716.0, $380.24 ,2335.76,1940.0,395.76,01/09/2014,9, September ,2014
Government,Mexico, Montana , High ,1727.0,5.0,7.0,12089.0," $1,692.46 ",10396.54,8635.0,1761.54,01/10/2013,10, October ,2013
Midmarket,Canada, Montana , High ,2300.0,5.0,15.0,34500.0," $4,830.00 ",29670.0,23000.0,6670.0,01/12/2014,12, December ,2014
Government,Mexico, Paseo , High ,260.0,10.0,20.0,5200.0, $728.00 ,4472.0,2600.0,1872.0,01/02/2014,2, February ,2014
Midmarket,Canada, Paseo , High ,2470.0,10.0,15.0,37050.0," $5,187.00 ",31863.0,24700.0,7163.0,01/09/2013,9, September ,2013
Midmarket,Canada, Paseo , High ,1743.0,10.0,15.0,26145.0," $3,660.30 ",22484.7,17430.0,5054.7,01/10/2013,10, October ,2013
Channel Partners,United States of America, Paseo , High ,2914.0,10.0,12.0,34968.0," $4,895.52 ",30072.48,8742.0,21330.48,01/10/2014,10, October ,2014
Government,France, Paseo , High ,1731.0,10.0,7.0,12117.0," $1,696.38 ",10420.62,8655.0,1765.62,01/10/2014,10, October ,2014
Government,Canada, Paseo , High ,700.0,10.0,350.0,245000.0," $34,300.00 ",210700.0,182000.0,28700.0,01/11/2014,11, November ,2014
Channel Partners,Canada, Paseo , High ,2222.0,10.0,12.0,26664.0," $3,732.96 ",22931.04,6666.0,16265.04,01/11/2013,11, November ,2013
Government,United States of America, Paseo , High ,1177.0,10.0,350.0,411950.0," $57,673.00 ",354277.0,306020.0,48257.0,01/11/2014,11, November ,2014
Government,France, Paseo , High ,1922.0,10.0,350.0,672700.0," $94,178.00 ",578522.0,499720.0,78802.0,01/11/2013,11, November ,2013
Enterprise,Mexico, Velo , High ,1575.0,120.0,125.0,196875.0," $27,562.50 ",169312.5,189000.0,,01/02/2014,2, February ,2014
Government,United States of America, Velo , High ,606.0,120.0,20.0,12120.0," $1,696.80 ",10423.2,6060.0,4363.2,01/04/2014,4, April ,2014
Small Business,United States of America, Velo , High ,2460.0,120.0,300.0,738000.0," $1,03,320.00 ",634680.0,615000.0,19680.0,01/07/2014,7, July ,2014
Small Business,Canada, Velo , High ,269.0,120.0,300.0,80700.0," $11,298.00 ",69402.0,67250.0,2152.0,01/10/2013,10, October ,2013
Small Business,Germany, Velo , High ,2536.0,120.0,300.0,760800.0," $1,06,512.00 ",654288.0,634000.0,20288.0,01/11/2013,11, November ,2013
Government,Mexico, VTT , High ,2903.0,250.0,7.0,20321.0," $2,844.94 ",17476.06,14515.0,2961.06,01/03/2014,3, March ,2014
Small Business,United States of America, VTT , High ,2541.0,250.0,300.0,762300.0," $1,06,722.00 ",655578.0,635250.0,20328.0,01/08/2014,8, August ,2014
Small Business,Canada, VTT , High ,269.0,250.0,300.0,80700.0," $11,298.00 ",69402.0,67250.0,2152.0,01/10/2013,10, October ,2013
Small Business,Canada, VTT , High ,1496.0,250.0,300.0,448800.0," $62,832.00 ",385968.0,374000.0,11968.0,01/10/2014,10, October ,2014
Small Business,United States of America, VTT , High ,1010.0,250.0,300.0,303000.0," $42,420.00 ",260580.0,252500.0,8080.0,01/10/2014,10, October ,2014
Government,France, VTT , High ,1281.0,250.0,350.0,448350.0," $62,769.00 ",385581.0,333060.0,52521.0,01/12/2013,12, December ,2013
Small Business,Canada, Amarilla , High ,888.0,260.0,300.0,266400.0," $37,296.00 ",229104.0,222000.0,7104.0,01/03/2014,3, March ,2014
Enterprise,United States of America, Amarilla , High ,2844.0,260.0,125.0,355500.0," $49,770.00 ",305730.0,341280.0,,01/05/2014,5, May ,2014
Channel Partners,France, Amarilla , High ,2475.0,260.0,12.0,29700.0," $4,158.00 ",25542.0,7425.0,18117.0,01/08/2014,8, August ,2014
Midmarket,Canada, Amarilla , High ,1743.0,260.0,15.0,26145.0," $3,660.30 ",22484.7,17430.0,5054.7,01/10/2013,10, October ,2013
Channel Partners,United States of America, Amarilla , High ,2914.0,260.0,12.0,34968.0," $4,895.52 ",30072.48,8742.0,21330.48,01/10/2014,10, October ,2014
Government,France, Amarilla , High ,1731.0,260.0,7.0,12117.0," $1,696.38 ",10420.62,8655.0,1765.62,01/10/2014,10, October ,2014
Government,Mexico, Amarilla , High ,1727.0,260.0,7.0,12089.0," $1,692.46 ",10396.54,8635.0,1761.54,01/10/2013,10, October ,2013
Midmarket,Mexico, Amarilla , High ,1870.0,260.0,15.0,28050.0," $3,927.00 ",24123.0,18700.0,5423.0,01/11/2013,11, November ,2013
Enterprise,France, Carretera , High ,1174.0,3.0,125.0,146750.0," $22,012.50 ",124737.5,140880.0,,01/08/2014,8, August ,2014
Enterprise,Germany, Carretera , High ,2767.0,3.0,125.0,345875.0," $51,881.25 ",293993.75,332040.0,,01/08/2014,8, August ,2014
Enterprise,Germany, Carretera , High ,1085.0,3.0,125.0,135625.0," $20,343.75 ",115281.25,130200.0,,01/10/2014,10, October ,2014
Small Business,Mexico, Montana , High ,546.0,5.0,300.0,163800.0," $24,570.00 ",139230.0,136500.0,2730.0,01/10/2014,10, October ,2014
Government,Germany, Paseo , High ,1158.0,10.0,20.0,23160.0," $3,474.00 ",19686.0,11580.0,8106.0,01/03/2014,3, March ,2014
Midmarket,Canada, Paseo , High ,1614.0,10.0,15.0,24210.0," $3,631.50 ",20578.5,16140.0,4438.5,01/04/2014,4, April ,2014
Government,Mexico, Paseo , High ,2535.0,10.0,7.0,17745.0," $2,661.75 ",15083.25,12675.0,2408.25,01/04/2014,4, April ,2014
Government,Mexico, Paseo , High ,2851.0,10.0,350.0,997850.0," $1,49,677.50 ",848172.5,741260.0,106912.5,01/05/2014,5, May ,2014
Midmarket,Canada, Paseo , High ,2559.0,10.0,15.0,38385.0," $5,757.75 ",32627.25,25590.0,7037.25,01/08/2014,8, August ,2014
Government,United States of America, Paseo , High ,267.0,10.0,20.0,5340.0, $801.00 ,4539.0,2670.0,1869.0,01/10/2013,10, October ,2013
Enterprise,Germany, Paseo , High ,1085.0,10.0,125.0,135625.0," $20,343.75 ",115281.25,130200.0,,01/10/2014,10, October ,2014
Midmarket,Germany, Paseo , High ,1175.0,10.0,15.0,17625.0," $2,643.75 ",14981.25,11750.0,3231.25,01/10/2014,10, October ,2014
Government,United States of America, Paseo , High ,2007.0,10.0,350.0,702450.0," $1,05,367.50 ",597082.5,521820.0,75262.5,01/11/2013,11, November ,2013
Government,Mexico, Paseo , High ,2151.0,10.0,350.0,752850.0," $1,12,927.50 ",639922.5,559260.0,80662.5,01/11/2013,11, November ,2013
Channel Partners,United States of America, Paseo , High ,914.0,10.0,12.0,10968.0," $1,645.20 ",9322.8,2742.0,6580.8,01/12/2014,12, December ,2014
Government,France, Paseo , High ,293.0,10.0,20.0,5860.0, $879.00 ,4981.0,2930.0,2051.0,01/12/2014,12, December ,2014
Channel Partners,Mexico, Velo , High ,500.0,120.0,12.0,6000.0, $900.00 ,5100.0,1500.0,3600.0,01/03/2014,3, March ,2014
Midmarket,France, Velo , High ,2826.0,120.0,15.0,42390.0," $6,358.50 ",36031.5,28260.0,7771.5,01/05/2014,5, May ,2014
Enterprise,France, Velo , High ,663.0,120.0,125.0,82875.0," $12,431.25 ",70443.75,79560.0,,01/09/2014,9, September ,2014
Small Business,United States of America, Velo , High ,2574.0,120.0,300.0,772200.0," $1,15,830.00 ",656370.0,643500.0,12870.0,01/11/2013,11, November ,2013
Enterprise,United States of America, Velo , High ,2438.0,120.0,125.0,304750.0," $45,712.50 ",259037.5,292560.0,,01/12/2013,12, December ,2013
Channel Partners,United States of America, Velo , High ,914.0,120.0,12.0,10968.0," $1,645.20 ",9322.8,2742.0,6580.8,01/12/2014,12, December ,2014
Government,Canada, VTT , High ,865.5,250.0,20.0,17310.0," $2,596.50 ",14713.5,8655.0,6058.5,01/07/2014,7, July ,2014
Midmarket,Germany, VTT , High ,492.0,250.0,15.0,7380.0," $1,107.00 ",6273.0,4920.0,1353.0,01/07/2014,7, July ,2014
Government,United States of America, VTT , High ,267.0,250.0,20.0,5340.0, $801.00 ,4539.0,2670.0,1869.0,01/10/2013,10, October ,2013
Midmarket,Germany, VTT , High ,1175.0,250.0,15.0,17625.0," $2,643.75 ",14981.25,11750.0,3231.25,01/10/2014,10, October ,2014
Enterprise,Canada, VTT , High ,2954.0,250.0,125.0,369250.0," $55,387.50 ",313862.5,354480.0,,01/11/2013,11, November ,2013
Enterprise,Germany, VTT , High ,552.0,250.0,125.0,69000.0," $10,350.00 ",58650.0,66240.0,,01/11/2014,11, November ,2014
Government,France, VTT , High ,293.0,250.0,20.0,5860.0, $879.00 ,4981.0,2930.0,2051.0,01/12/2014,12, December ,2014
Small Business,France, Amarilla , High ,2475.0,260.0,300.0,742500.0," $1,11,375.00 ",631125.0,618750.0,12375.0,01/03/2014,3, March ,2014
Small Business,Mexico, Amarilla , High ,546.0,260.0,300.0,163800.0," $24,570.00 ",139230.0,136500.0,2730.0,01/10/2014,10, October ,2014
Government,Mexico, Montana , High ,1368.0,5.0,7.0,9576.0," $1,436.40 ",8139.6,6840.0,1299.6,01/02/2014,2, February ,2014
Government,Canada, Paseo , High ,723.0,10.0,7.0,5061.0, $759.15 ,4301.85,3615.0,686.85,01/04/2014,4, April ,2014
Channel Partners,United States of America, VTT , High ,1806.0,250.0,12.0,21672.0," $3,250.80 ",18421.2,5418.0,13003.2,01/05/2014,5, May ,2014
